"id","occ","momage","anti","female","childage","hispanic","black","momwork","married","self","pov","antiscore"
1,90,21,1,1,8,0,0,0,0,21,1,15
1,92,21,1,1,8,0,0,0,0,24,1,8
1,94,21,1,1,8,0,0,0,0,23,1,2
2,90,22,0,1,8.416667,0,0,1,0,20,0,6
2,92,22,0,1,8.416667,0,0,1,0,24,0,1
2,94,22,0,1,8.416667,0,0,1,0,24,0,6
3,90,18,5,0,8.083333,0,0,0,1,21,0,94
3,92,18,5,0,8.083333,0,0,0,1,24,0,94
3,94,18,5,0,8.083333,0,0,0,1,24,0,84
4,90,24,2,0,8.25,0,0,0,0,23,0,43
4,92,24,3,0,8.25,0,0,0,0,21,0,65
4,94,24,1,0,8.25,0,0,0,0,21,0,14
5,90,22,1,1,9.333333,0,0,0,0,22,0,8
5,92,22,0,1,9.333333,0,0,0,0,23,0,7
5,94,22,0,1,9.333333,0,0,0,0,24,0,3
6,90,24,1,0,8.583333,0,0,0,0,19,0,10
6,92,24,1,0,8.583333,0,0,0,0,21,0,14
6,94,24,1,0,8.583333,0,0,0,0,24,0,37
7,90,23,3,1,9.25,0,0,1,1,24,0,61
7,92,23,3,1,9.25,0,0,1,1,16,0,62
7,94,23,4,1,9.25,0,0,1,1,13,0,75
8,90,18,4,0,8.5,0,0,0,1,19,0,72
8,92,18,1,0,8.5,0,0,0,1,22,0,16
8,94,18,1,0,8.5,0,0,0,1,16,0,36
9,90,24,1,0,8.083333,0,0,0,0,21,0,28
9,92,24,1,0,8.083333,0,0,0,0,24,0,10
9,94,24,0,0,8.083333,0,0,0,0,20,0,11
10,90,20,4,0,9.166667,0,0,0,1,9,0,88
10,92,20,5,0,9.166667,0,0,0,1,11,0,90
10,94,20,6,0,9.166667,0,0,0,1,24,0,94
11,90,23,3,1,8.833333,0,0,1,1,20,1,50
11,92,23,3,1,8.833333,0,0,1,1,23,0,57
11,94,23,3,1,8.833333,0,0,1,1,18,0,56
12,90,20,3,1,9.166667,1,0,0,1,15,0,60
12,92,20,2,1,9.166667,1,0,0,1,18,0,26
12,94,20,3,1,9.166667,1,0,0,1,20,0,52
13,90,19,3,0,8.583333,0,0,1,0,23,1,62
13,92,19,2,0,8.583333,0,0,1,0,22,1,44
13,94,19,4,0,8.583333,0,0,1,0,21,1,81
14,90,22,1,0,8.75,0,0,1,0,21,0,27
14,92,22,3,0,8.75,0,0,1,0,10,0,64
14,94,22,1,0,8.75,0,0,1,0,17,0,9
15,90,23,3,1,9.833333,0,1,0,0,21,0,57
15,92,23,4,1,9.833333,0,1,0,0,19,0,70
15,94,23,5,1,9.833333,0,1,0,0,21,0,83
16,90,20,2,1,9,0,1,0,0,16,1,25
16,92,20,1,1,9,0,1,0,0,19,1,1
16,94,20,2,1,9,0,1,0,0,15,1,29
17,90,19,1,0,8.666667,0,1,1,0,18,1,7
17,92,19,2,0,8.666667,0,1,1,0,15,1,32
17,94,19,1,0,8.666667,0,1,1,0,14,1,39
18,90,22,0,0,9.333333,0,0,1,0,20,0,7
18,92,22,2,0,9.333333,0,0,1,0,17,0,38
18,94,22,0,0,9.333333,0,0,1,0,22,0,17
19,90,18,3,1,8.166667,0,1,0,0,19,1,70
19,92,18,0,1,8.166667,0,1,0,0,23,0,10
19,94,18,3,1,8.166667,0,1,0,0,18,1,62
20,90,20,5,0,8.416667,0,0,1,0,13,0,90
20,92,20,6,0,8.416667,0,0,1,0,6,0,94
20,94,20,4,0,8.416667,0,0,1,0,21,0,93
21,90,23,4,0,9.333333,0,0,0,0,23,0,81
21,92,23,4,0,9.333333,0,0,0,0,24,0,80
21,94,23,3,0,9.333333,0,0,0,0,24,0,51
22,90,24,1,0,8.583333,0,0,0,1,21,1,29
22,92,24,2,0,8.583333,0,0,0,1,23,0,36
22,94,24,3,0,8.583333,0,0,0,1,24,0,79
23,90,24,0,1,8,0,0,1,0,20,0,3
23,92,24,1,1,8,0,0,1,0,21,0,23
23,94,24,0,1,8,0,0,1,0,20,0,6
24,90,23,2,0,9.5,0,0,0,0,24,0,49
24,92,23,3,0,9.5,0,0,0,0,24,0,70
24,94,23,4,0,9.5,0,0,0,0,23,0,78
25,90,22,0,1,9.5,0,0,1,0,23,0,6
25,92,22,0,1,9.5,0,0,1,0,14,0,6
25,94,22,0,1,9.5,0,0,1,0,20,0,7
26,90,22,5,1,8.75,0,0,0,0,18,0,85
26,92,22,3,1,8.75,0,0,0,0,10,0,65
26,94,22,5,1,8.75,0,0,0,0,15,0,80
27,90,17,2,0,9.166667,0,0,1,0,22,0,35
27,92,17,1,0,9.166667,0,0,1,0,24,0,28
27,94,17,2,0,9.166667,0,0,1,0,20,0,48
28,90,21,2,1,10,0,0,0,0,22,0,26
28,92,21,2,1,10,0,0,0,0,21,0,49
28,94,21,3,1,10,0,0,0,0,16,0,58
29,90,24,1,0,8.25,1,0,1,0,18,0,2
29,92,24,3,0,8.25,1,0,1,0,23,0,56
29,94,24,2,0,8.25,1,0,1,0,24,0,52
30,90,20,0,1,9.75,0,0,1,0,20,0,7
30,92,20,0,1,9.75,0,0,1,0,14,0,3
30,94,20,0,1,9.75,0,0,1,0,23,0,7
31,90,25,1,1,8,0,0,1,0,21,0,3
31,92,25,1,1,8,0,0,1,0,19,0,8
31,94,25,0,1,8,0,0,1,0,22,0,2
32,90,19,4,1,8.916667,0,0,0,1,24,1,74
32,92,19,4,1,8.916667,0,0,0,1,24,0,71
32,94,19,6,1,8.916667,0,0,0,1,23,0,94
33,90,18,2,0,9.75,0,0,0,1,21,0,41
33,92,18,2,0,9.75,0,0,0,1,20,0,28
33,94,18,1,0,9.75,0,0,0,1,19,0,2
34,90,19,3,0,9.833333,0,0,0,0,22,0,65
34,92,19,4,0,9.833333,0,0,0,0,22,0,100
34,94,19,3,0,9.833333,0,0,0,0,17,0,76
35,90,21,3,1,8.416667,0,0,0,0,19,0,66
35,92,21,3,1,8.416667,0,0,0,0,21,0,55
35,94,21,5,1,8.416667,0,0,0,0,23,0,81
36,90,19,0,1,9.25,1,0,0,0,20,0,7
36,92,19,0,1,9.25,1,0,0,0,19,0,6
36,94,19,0,1,9.25,1,0,0,0,24,0,9
37,90,22,0,1,8.166667,0,1,0,1,19,1,2
37,92,22,0,1,8.166667,0,1,0,1,21,1,7
37,94,22,0,1,8.166667,0,1,0,1,20,1,4
38,90,19,4,0,9.75,0,0,1,1,21,1,70
38,92,19,4,0,9.75,0,0,1,1,22,1,94
38,94,19,5,0,9.75,0,0,1,1,22,1,87
39,90,22,2,1,8.666667,0,0,0,0,21,0,30
39,92,22,0,1,8.666667,0,0,0,0,18,0,7
39,94,22,0,1,8.666667,0,0,0,0,21,0,9
40,90,21,0,1,9,0,0,1,1,20,1,9
40,92,21,0,1,9,0,0,1,1,24,1,2
40,94,21,0,1,9,0,0,1,1,24,1,9
41,90,18,1,1,9.416667,0,0,1,0,24,0,5
41,92,18,2,1,9.416667,0,0,1,0,20,0,47
41,94,18,4,1,9.416667,0,0,1,0,9,0,73
42,90,19,1,1,8.583333,0,0,0,1,22,1,8
42,92,19,0,1,8.583333,0,0,0,1,21,0,9
42,94,19,0,1,8.583333,0,0,0,1,24,1,4
43,90,22,2,0,9.333333,0,0,0,0,24,0,25
43,92,22,0,0,9.333333,0,0,0,0,23,0,6
43,94,22,1,0,9.333333,0,0,0,0,24,0,35
44,90,25,0,1,8.666667,0,0,1,0,24,0,4
44,92,25,0,1,8.666667,0,0,1,0,24,0,4
44,94,25,0,1,8.666667,0,0,1,0,22,0,5
45,90,22,0,0,9.25,0,0,0,0,19,0,4
45,92,22,1,0,9.25,0,0,0,0,21,0,27
45,94,22,1,0,9.25,0,0,0,0,21,0,30
46,90,24,1,0,8.5,0,0,1,0,24,0,27
46,92,24,0,0,8.5,0,0,1,0,20,0,13
46,94,24,0,0,8.5,0,0,1,0,24,0,24
47,90,23,1,1,8.5,0,1,1,0,24,1,1
47,92,23,4,1,8.5,0,1,1,0,19,1,77
47,94,23,5,1,8.5,0,1,1,0,21,0,87
48,90,22,3,1,9.916667,0,0,1,0,19,0,62
48,92,22,4,1,9.916667,0,0,1,0,16,0,72
48,94,22,4,1,9.916667,0,0,1,0,18,0,80
49,90,24,3,0,8.166667,0,0,0,1,24,1,64
49,92,24,1,0,8.166667,0,0,0,1,24,1,7
49,94,24,3,0,8.166667,0,0,0,1,22,1,67
50,90,22,1,0,9.083333,0,1,0,1,24,0,23
50,92,22,1,0,9.083333,0,1,0,1,24,0,29
50,94,22,0,0,9.083333,0,1,0,1,24,0,7
51,90,23,0,1,8.083333,0,1,0,1,21,0,9
51,92,23,0,1,8.083333,0,1,0,1,16,0,9
51,94,23,0,1,8.083333,0,1,0,1,24,0,3
52,90,19,1,0,10,0,1,0,0,17,0,2
52,92,19,0,0,10,0,1,0,0,12,0,2
52,94,19,1,0,10,0,1,0,0,23,0,3
53,90,16,2,1,9.666667,0,0,1,1,24,1,26
53,92,16,2,1,9.666667,0,0,1,1,23,0,39
53,94,16,0,1,9.666667,0,0,1,1,24,1,3
54,90,23,0,0,8.833333,0,1,1,0,21,1,8
54,92,23,0,0,8.833333,0,1,1,0,23,0,18
54,94,23,1,0,8.833333,0,1,1,0,17,1,6
55,90,20,5,0,8.916667,0,1,0,0,20,1,89
55,92,20,3,0,8.916667,0,1,0,0,22,1,50
55,94,20,5,0,8.916667,0,1,0,0,24,1,96
56,90,17,0,1,8.583333,0,1,0,0,19,0,9
56,92,17,1,1,8.583333,0,1,0,0,20,0,18
56,94,17,0,1,8.583333,0,1,0,0,24,0,7
57,90,21,2,1,8.916667,0,1,0,0,16,1,49
57,92,21,1,1,8.916667,0,1,0,0,24,0,14
57,94,21,2,1,8.916667,0,1,0,0,24,0,29
58,90,21,5,0,9.166667,0,1,0,0,15,0,88
58,92,21,3,0,9.166667,0,1,0,0,19,0,50
58,94,21,1,0,9.166667,0,1,0,0,20,0,40
59,90,24,3,0,8.25,0,0,0,0,20,0,70
59,92,24,3,0,8.25,0,0,0,0,24,0,54
59,94,24,4,0,8.25,0,0,0,0,13,0,85
60,90,24,0,1,8.083333,0,0,1,0,17,1,4
60,92,24,1,1,8.083333,0,0,1,0,16,1,3
60,94,24,1,1,8.083333,0,0,1,0,17,0,19
61,90,23,2,1,8.833333,0,0,1,0,13,0,47
61,92,23,3,1,8.833333,0,0,1,0,19,1,60
61,94,23,0,1,8.833333,0,0,1,0,24,1,1
62,90,18,3,1,8.083333,0,0,0,1,20,1,57
62,92,18,2,1,8.083333,0,0,0,1,17,1,48
62,94,18,1,1,8.083333,0,0,0,1,23,1,12
63,90,18,0,0,8.916667,0,0,0,0,22,0,10
63,92,18,3,0,8.916667,0,0,0,0,19,0,50
63,94,18,3,0,8.916667,0,0,0,0,22,0,77
64,90,23,1,1,9.666667,0,1,1,0,22,1,23
64,92,23,1,1,9.666667,0,1,1,0,21,1,16
64,94,23,0,1,9.666667,0,1,1,0,20,0,9
65,90,20,2,1,8.666667,0,1,0,0,24,1,39
65,92,20,2,1,8.666667,0,1,0,0,22,0,35
65,94,20,1,1,8.666667,0,1,0,0,24,1,18
66,90,22,1,1,9.75,0,0,1,0,24,0,8
66,92,22,1,1,9.75,0,0,1,0,17,0,9
66,94,22,0,1,9.75,0,0,1,0,24,0,10
67,90,23,1,1,8.583333,0,0,1,0,19,0,18
67,92,23,1,1,8.583333,0,0,1,0,17,0,19
67,94,23,1,1,8.583333,0,0,1,0,19,0,11
68,90,21,0,1,8.75,0,0,0,0,24,0,5
68,92,21,0,1,8.75,0,0,0,0,19,0,9
68,94,21,0,1,8.75,0,0,0,0,22,0,1
69,90,19,4,0,8.416667,0,0,0,0,19,0,80
69,92,19,0,0,8.416667,0,0,0,0,21,0,20
69,94,19,3,0,8.416667,0,0,0,0,21,0,62
70,90,20,2,1,9.416667,1,0,0,1,20,1,48
70,92,20,2,1,9.416667,1,0,0,1,20,1,49
70,94,20,2,1,9.416667,1,0,0,1,19,1,35
71,90,19,0,0,9.416667,0,0,1,1,24,1,6
71,92,19,0,0,9.416667,0,0,1,1,14,0,2
71,94,19,0,0,9.416667,0,0,1,1,20,0,7
72,90,19,0,1,9.916667,1,0,0,0,17,0,3
72,92,19,2,1,9.916667,1,0,0,0,16,1,45
72,94,19,2,1,9.916667,1,0,0,0,16,0,37
73,90,23,2,1,8.833333,0,0,0,0,22,0,35
73,92,23,0,1,8.833333,0,0,0,0,21,0,4
73,94,23,5,1,8.833333,0,0,0,0,23,1,82
74,90,18,0,1,8.75,1,0,0,0,24,0,3
74,92,18,0,1,8.75,1,0,0,0,19,1,5
74,94,18,0,1,8.75,1,0,0,0,19,0,1
75,90,16,0,0,9.916667,0,1,1,0,21,0,4
75,92,16,3,0,9.916667,0,1,1,0,19,1,69
75,94,16,3,0,9.916667,0,1,1,0,23,0,79
76,90,17,0,0,9.083333,0,0,1,0,21,0,4
76,92,17,1,0,9.083333,0,0,1,0,22,0,2
76,94,17,0,0,9.083333,0,0,1,0,21,0,21
77,90,20,1,1,9.916667,0,0,0,0,23,0,14
77,92,20,2,1,9.916667,0,0,0,0,24,0,48
77,94,20,3,1,9.916667,0,0,0,0,24,0,66
78,90,23,0,1,8.833333,0,0,0,0,22,0,7
78,92,23,0,1,8.833333,0,0,0,0,21,0,3
78,94,23,1,1,8.833333,0,0,0,0,21,0,6
79,90,20,2,0,8.916667,0,1,0,1,18,0,32
79,92,20,4,0,8.916667,0,1,0,1,24,1,88
79,94,20,1,0,8.916667,0,1,0,1,24,0,27
80,90,17,3,1,8.5,0,0,1,0,15,0,65
80,92,17,3,1,8.5,0,0,1,0,14,1,66
80,94,17,0,1,8.5,0,0,1,0,20,0,4
81,90,22,0,0,8.833333,1,0,0,0,24,0,5
81,92,22,0,0,8.833333,1,0,0,0,24,0,1
81,94,22,0,0,8.833333,1,0,0,0,24,0,19
82,90,23,0,1,8.666667,0,0,0,0,22,0,1
82,92,23,1,1,8.666667,0,0,0,0,24,0,12
82,94,23,0,1,8.666667,0,0,0,0,24,0,6
83,90,20,4,0,9.25,0,0,1,0,19,0,77
83,92,20,3,0,9.25,0,0,1,0,19,0,67
83,94,20,4,0,9.25,0,0,1,0,14,0,94
84,90,21,3,1,9.25,0,0,1,0,20,1,55
84,92,21,3,1,9.25,0,0,1,0,22,1,59
84,94,21,1,1,9.25,0,0,1,0,19,1,9
85,90,24,3,1,8.916667,0,0,0,0,24,0,60
85,92,24,2,1,8.916667,0,0,0,0,22,0,35
85,94,24,0,1,8.916667,0,0,0,0,24,0,8
86,90,23,0,1,9.583333,0,0,1,1,24,1,9
86,92,23,0,1,9.583333,0,0,1,1,24,1,3
86,94,23,1,1,9.583333,0,0,1,1,24,0,19
87,90,23,0,0,9.916667,0,0,1,0,21,0,1
87,92,23,1,0,9.916667,0,0,1,0,24,0,27
87,94,23,0,0,9.916667,0,0,1,0,22,0,12
88,90,24,4,0,8.166667,0,0,0,0,24,0,90
88,92,24,2,0,8.166667,0,0,0,0,22,0,48
88,94,24,3,0,8.166667,0,0,0,0,17,0,74
89,90,22,2,1,8.416667,0,0,1,1,21,1,49
89,92,22,2,1,8.416667,0,0,1,1,23,0,36
89,94,22,4,1,8.416667,0,0,1,1,21,0,78
90,90,17,1,1,8.25,1,0,0,0,17,0,3
90,92,17,1,1,8.25,1,0,0,0,22,0,2
90,94,17,3,1,8.25,1,0,0,0,22,0,67
91,90,19,4,0,8.916667,0,0,0,1,14,0,86
91,92,19,5,0,8.916667,0,0,0,1,12,0,89
91,94,19,4,0,8.916667,0,0,0,1,23,1,83
92,90,20,0,1,9.5,0,1,0,0,21,0,10
92,92,20,0,1,9.5,0,1,0,0,24,1,7
92,94,20,0,1,9.5,0,1,0,0,21,0,3
93,90,21,2,0,8.5,1,0,0,0,21,0,31
93,92,21,1,0,8.5,1,0,0,0,18,0,23
93,94,21,2,0,8.5,1,0,0,0,21,1,34
94,90,23,2,0,8.083333,0,0,0,0,24,0,54
94,92,23,1,0,8.083333,0,0,0,0,21,0,2
94,94,23,3,0,8.083333,0,0,0,0,24,0,78
95,90,18,2,1,10,0,0,0,0,14,0,45
95,92,18,3,1,10,0,0,0,0,23,1,56
95,94,18,2,1,10,0,0,0,0,15,1,48
96,90,17,2,1,9.916667,0,0,1,1,19,0,48
96,92,17,0,1,9.916667,0,0,1,1,23,0,1
96,94,17,0,1,9.916667,0,0,1,1,24,0,3
97,90,18,0,1,8.583333,0,0,1,1,24,0,1
97,92,18,0,1,8.583333,0,0,1,1,24,0,9
97,94,18,0,1,8.583333,0,0,1,1,24,0,7
98,90,20,0,1,9.25,0,0,0,0,21,0,1
98,92,20,0,1,9.25,0,0,0,0,17,0,10
98,94,20,0,1,9.25,0,0,0,0,20,0,7
99,90,19,0,0,9.666667,0,1,1,1,21,1,9
99,92,19,0,0,9.666667,0,1,1,1,24,1,7
99,94,19,0,0,9.666667,0,1,1,1,21,1,24
100,90,20,3,1,8.25,1,0,0,0,20,0,66
100,92,20,3,1,8.25,1,0,0,0,23,0,63
100,94,20,1,1,8.25,1,0,0,0,24,0,2
101,90,24,2,1,9,0,0,1,0,20,0,35
101,92,24,0,1,9,0,0,1,0,20,0,1
101,94,24,1,1,9,0,0,1,0,23,0,6
102,90,22,0,0,8.916667,0,0,0,0,18,0,4
102,92,22,0,0,8.916667,0,0,0,0,17,0,12
102,94,22,1,0,8.916667,0,0,0,0,19,0,28
103,90,23,2,1,9.833333,0,0,0,0,21,0,36
103,92,23,2,1,9.833333,0,0,0,0,21,0,48
103,94,23,1,1,9.833333,0,0,0,0,18,0,8
104,90,24,1,1,8.166667,0,0,0,0,19,0,16
104,92,24,0,1,8.166667,0,0,0,0,16,0,1
104,94,24,1,1,8.166667,0,0,0,0,13,0,11
105,90,20,1,1,9.083333,0,0,0,0,23,0,9
105,92,20,2,1,9.083333,0,0,0,0,22,0,32
105,94,20,5,1,9.083333,0,0,0,0,18,0,82
106,90,24,0,0,9.166667,0,0,0,0,23,0,5
106,92,24,0,0,9.166667,0,0,0,0,24,0,16
106,94,24,0,0,9.166667,0,0,0,0,23,0,30
107,90,19,0,0,9.75,0,0,0,0,23,0,2
107,92,19,1,0,9.75,0,0,0,0,20,0,4
107,94,19,2,0,9.75,0,0,0,0,24,0,48
108,90,21,0,1,8,0,0,0,0,21,0,4
108,92,21,1,1,8,0,0,0,0,12,0,24
108,94,21,1,1,8,0,0,0,0,16,0,14
109,90,20,0,1,8.666667,0,0,1,1,24,1,6
109,92,20,0,1,8.666667,0,0,1,1,21,1,4
109,94,20,0,1,8.666667,0,0,1,1,19,1,4
110,90,21,0,0,8.25,0,0,0,0,24,0,7
110,92,21,0,0,8.25,0,0,0,0,23,0,5
110,94,21,0,0,8.25,0,0,0,0,24,0,16
111,90,24,3,1,8.083333,0,0,0,1,10,1,59
111,92,24,2,1,8.083333,0,0,0,1,13,1,33
111,94,24,6,1,8.083333,0,0,0,1,17,0,94
112,90,19,0,0,9.083333,0,0,0,0,24,0,5
112,92,19,0,0,9.083333,0,0,0,0,20,0,5
112,94,19,1,0,9.083333,0,0,0,0,22,0,12
113,90,20,2,1,8.416667,0,0,0,0,21,0,48
113,92,20,0,1,8.416667,0,0,0,0,21,0,6
113,94,20,1,1,8.416667,0,0,0,0,19,0,17
114,90,24,0,0,9,0,0,1,0,21,0,4
114,92,24,0,0,9,0,0,1,0,18,0,14
114,94,24,0,0,9,0,0,1,0,18,0,11
115,90,25,0,1,8.25,0,0,0,0,19,0,8
115,92,25,1,1,8.25,0,0,0,0,20,0,15
115,94,25,0,1,8.25,0,0,0,0,24,0,8
116,90,23,3,1,8.916667,0,0,0,0,22,0,56
116,92,23,4,1,8.916667,0,0,0,0,24,0,72
116,94,23,1,1,8.916667,0,0,0,0,21,0,19
117,90,20,1,0,8.166667,0,0,0,0,23,0,4
117,92,20,2,0,8.166667,0,0,0,0,21,0,52
117,94,20,2,0,8.166667,0,0,0,0,19,0,66
118,90,17,1,0,9.916667,0,0,0,0,24,0,30
118,92,17,0,0,9.916667,0,0,0,0,22,0,13
118,94,17,3,0,9.916667,0,0,0,0,24,1,62
119,90,22,0,1,8.166667,0,0,1,0,23,0,3
119,92,22,0,1,8.166667,0,0,1,0,20,0,8
119,94,22,0,1,8.166667,0,0,1,0,22,0,10
120,90,23,1,1,9.5,0,0,0,0,16,0,19
120,92,23,3,1,9.5,0,0,0,0,20,0,52
120,94,23,3,1,9.5,0,0,0,0,19,1,64
121,90,18,1,0,9.833333,0,0,0,1,20,1,21
121,92,18,3,0,9.833333,0,0,0,1,22,1,61
121,94,18,3,0,9.833333,0,0,0,1,21,0,63
122,90,20,1,1,9,0,0,0,0,21,0,12
122,92,20,0,1,9,0,0,0,0,24,0,3
122,94,20,0,1,9,0,0,0,0,19,0,6
123,90,20,0,0,8,0,1,0,0,22,0,7
123,92,20,3,0,8,0,1,0,0,21,0,68
123,94,20,1,0,8,0,1,0,0,22,0,3
124,90,18,4,0,9.083333,0,1,1,0,17,1,82
124,92,18,4,0,9.083333,0,1,1,0,20.4,1,81
124,94,18,4,0,9.083333,0,1,1,0,20,1,80
125,90,17,2,0,9.166667,1,0,0,1,22,0,26
125,92,17,5,0,9.166667,1,0,0,1,17,0,88
125,94,17,3,0,9.166667,1,0,0,1,19,0,78
126,90,19,1,1,10,0,1,0,0,22,0,2
126,92,19,1,1,10,0,1,0,0,22,0,23
126,94,19,2,1,10,0,1,0,0,20,1,35
127,90,21,3,0,9.166667,0,1,1,0,19,1,56
127,92,21,4,0,9.166667,0,1,1,0,17,1,93
127,94,21,3,0,9.166667,0,1,1,0,21,1,59
128,90,23,4,0,9.333333,0,0,1,0,22,1,77
128,92,23,3,0,9.333333,0,0,1,0,22,1,58
128,94,23,4,0,9.333333,0,0,1,0,17,1,89
129,90,23,1,1,8.416667,0,0,1,0,21,0,24
129,92,23,0,1,8.416667,0,0,1,0,15,0,3
129,94,23,2,1,8.416667,0,0,1,0,20,0,22
130,90,16,6,0,9.833333,0,1,1,0,20,1,94
130,92,16,4,0,9.833333,0,1,1,0,21,1,78
130,94,16,4,0,9.833333,0,1,1,0,20,0,74
131,90,22,1,0,8.75,0,0,0,0,24,0,21
131,92,22,0,0,8.75,0,0,0,0,24,0,8
131,94,22,1,0,8.75,0,0,0,0,21,0,38
132,90,19,1,0,8.083333,0,0,1,0,24,0,9
132,92,19,0,0,8.083333,0,0,1,0,24,0,16
132,94,19,0,0,8.083333,0,0,1,0,23,0,12
133,90,22,1,1,9.666667,0,0,0,0,24,0,15
133,92,22,0,1,9.666667,0,0,0,0,19,0,7
133,94,22,0,1,9.666667,0,0,0,0,21,0,4
134,90,20,2,0,9.333333,0,0,0,1,16,1,37
134,92,20,0,0,9.333333,0,0,0,1,12,1,20
134,94,20,0,0,9.333333,0,0,0,1,17,0,13
135,90,23,0,0,9,0,0,0,1,19,0,9
135,92,23,0,0,9,0,0,0,1,21,0,11
135,94,23,0,0,9,0,0,0,1,24,0,2
136,90,17,0,1,8.666667,0,0,0,1,18,0,3
136,92,17,0,1,8.666667,0,0,0,1,17,0,7
136,94,17,0,1,8.666667,0,0,0,1,24,0,4
137,90,24,2,0,9,0,0,0,0,22,0,30
137,92,24,1,0,9,0,0,0,0,20,0,30
137,94,24,0,0,9,0,0,0,0,20,0,26
138,90,17,5,0,8.833333,0,0,1,1,18,1,85
138,92,17,4,0,8.833333,0,0,1,1,23,1,85
138,94,17,1,0,8.833333,0,0,1,1,21,0,33
139,90,18,1,0,9.166667,0,0,0,0,20,0,3
139,92,18,0,0,9.166667,0,0,0,0,23,0,7
139,94,18,0,0,9.166667,0,0,0,0,22,0,11
140,90,18,0,1,8.833333,0,0,0,0,20,0,7
140,92,18,2,1,8.833333,0,0,0,0,18,0,37
140,94,18,2,1,8.833333,0,0,0,0,13,0,27
141,90,20,2,1,9.75,0,0,0,0,22,0,32
141,92,20,0,1,9.75,0,0,0,0,24,0,4
141,94,20,0,1,9.75,0,0,0,0,24,1,5
142,90,18,1,0,9.25,1,0,0,1,22,0,29
142,92,18,0,0,9.25,1,0,0,1,24,0,8
142,94,18,0,0,9.25,1,0,0,1,23,0,14
143,90,19,0,0,8.75,1,0,0,1,19,1,8
143,92,19,0,0,8.75,1,0,0,1,13,1,9
143,94,19,0,0,8.75,1,0,0,1,20,1,4
144,90,17,4,1,9.833333,1,0,1,0,19,1,73
144,92,17,4,1,9.833333,1,0,1,0,16,1,73
144,94,17,5,1,9.833333,1,0,1,0,20,1,83
145,90,22,0,1,8.833333,1,0,0,0,24,0,7
145,92,22,1,1,8.833333,1,0,0,0,18,0,14
145,94,22,2,1,8.833333,1,0,0,0,24,0,28
146,90,20,5,0,9,1,0,1,0,22,1,86
146,92,20,5,0,9,1,0,1,0,14,0,85
146,94,20,6,0,9,1,0,1,0,24,0,94
147,90,18,3,0,9.75,1,0,0,0,19,0,50
147,92,18,5,0,9.75,1,0,0,0,8,0,86
147,94,18,5,0,9.75,1,0,0,0,20,0,97
148,90,20,1,0,9.583333,1,0,0,0,21,0,25
148,92,20,1,0,9.583333,1,0,0,0,24,0,21
148,94,20,3,0,9.583333,1,0,0,0,24,0,59
149,90,19,2,0,9.416667,0,0,1,0,23,0,34
149,92,19,1,0,9.416667,0,0,1,0,24,0,21
149,94,19,3,0,9.416667,0,0,1,0,19,0,65
150,90,16,0,1,10,0,0,0,1,19,0,4
150,92,16,0,1,10,0,0,0,1,22,0,8
150,94,16,2,1,10,0,0,0,1,20,0,27
151,90,19,1,0,9.833333,0,0,0,0,14,0,10
151,92,19,2,0,9.833333,0,0,0,0,16,0,34
151,94,19,4,0,9.833333,0,0,0,0,16,0,87
152,90,22,0,0,8.333333,0,0,0,0,23,0,9
152,92,22,0,0,8.333333,0,0,0,0,23,0,2
152,94,22,0,0,8.333333,0,0,0,0,24,0,20
153,90,24,1,1,8.583333,0,0,0,0,21,0,23
153,92,24,1,1,8.583333,0,0,0,0,23,0,8
153,94,24,0,1,8.583333,0,0,0,0,24,0,1
154,90,20,4,0,9.583333,0,1,1,0,20,0,85
154,92,20,3,0,9.583333,0,1,1,0,23,0,69
154,94,20,3,0,9.583333,0,1,1,0,23,0,67
155,90,23,1,1,8,0,0,1,0,21,0,14
155,92,23,0,1,8,0,0,1,0,22,0,10
155,94,23,0,1,8,0,0,1,0,24,1,9
156,90,24,1,0,8.166667,0,1,0,1,18,0,10
156,92,24,2,0,8.166667,0,1,0,1,24,1,48
156,94,24,2,0,8.166667,0,1,0,1,22,1,32
157,90,19,0,1,9.5,0,1,0,1,18,1,8
157,92,19,0,1,9.5,0,1,0,1,24,1,6
157,94,19,5,1,9.5,0,1,0,1,16,0,88
158,90,23,0,0,8.333333,0,0,0,0,23,0,2
158,92,23,0,0,8.333333,0,0,0,0,23,0,18
158,94,23,0,0,8.333333,0,0,0,0,24,0,14
159,90,20,4,1,9.25,0,0,0,0,24,1,70
159,92,20,4,1,9.25,0,0,0,0,18,1,78
159,94,20,3,1,9.25,0,0,0,0,16,1,52
160,90,22,0,0,9.833333,0,0,0,0,20,0,9
160,92,22,0,0,9.833333,0,0,0,0,18,0,7
160,94,22,0,0,9.833333,0,0,0,0,18,0,12
161,90,22,2,1,9.333333,1,0,1,0,20,1,33
161,92,22,0,1,9.333333,1,0,1,0,24,1,4
161,94,22,5,1,9.333333,1,0,1,0,18,1,89
162,90,24,0,0,8.833333,0,0,0,0,22,0,5
162,92,24,0,0,8.833333,0,0,0,0,24,0,9
162,94,24,0,0,8.833333,0,0,0,0,19,0,20
163,90,23,0,1,9.666667,1,0,1,1,18,1,10
163,92,23,0,1,9.666667,1,0,1,1,21,1,4
163,94,23,0,1,9.666667,1,0,1,1,16,0,4
164,90,24,1,0,8.416667,1,0,1,1,17,1,16
164,92,24,0,0,8.416667,1,0,1,1,23,1,3
164,94,24,0,0,8.416667,1,0,1,1,24,0,25
165,90,18,1,0,9.833333,0,0,0,0,22,0,30
165,92,18,3,0,9.833333,0,0,0,0,20,0,66
165,94,18,4,0,9.833333,0,0,0,0,17,0,98
166,90,23,1,0,8.75,0,0,0,0,23,0,17
166,92,23,0,0,8.75,0,0,0,0,21,0,13
166,94,23,3,0,8.75,0,0,0,0,22,0,78
167,90,23,3,0,9.75,0,1,0,0,23,1,50
167,92,23,4,0,9.75,0,1,0,0,22,1,94
167,94,23,6,0,9.75,0,1,0,0,19,0,95
168,90,17,0,1,8.083333,0,1,1,0,23,1,6
168,92,17,1,1,8.083333,0,1,1,0,24,0,11
168,94,17,0,1,8.083333,0,1,1,0,24,0,5
169,90,19,2,0,8.166667,0,0,0,0,21,0,32
169,92,19,3,0,8.166667,0,0,0,0,24,0,69
169,94,19,4,0,8.166667,0,0,0,0,20,0,78
170,90,19,1,1,8.166667,0,0,0,1,21,0,8
170,92,19,1,1,8.166667,0,0,0,1,23,0,23
170,94,19,4,1,8.166667,0,0,0,1,18,0,76
171,90,23,4,1,8.416667,0,0,1,0,22,0,71
171,92,23,2,1,8.416667,0,0,1,0,24,0,39
171,94,23,5,1,8.416667,0,0,1,0,24,0,88
172,90,17,0,0,9.666667,0,1,0,1,20,0,10
172,92,17,1,0,9.666667,0,1,0,1,23,0,9
172,94,17,0,0,9.666667,0,1,0,1,20,1,23
173,90,18,0,0,8.166667,0,1,0,1,21,0,9
173,92,18,0,0,8.166667,0,1,0,1,22,0,9
173,94,18,0,0,8.166667,0,1,0,1,23,1,25
174,90,24,2,1,8,0,1,0,0,24,1,37
174,92,24,4,1,8,0,1,0,0,24,1,79
174,94,24,3,1,8,0,1,0,0,24,1,62
175,90,25,0,1,8.666667,0,0,0,0,23,0,4
175,92,25,1,1,8.666667,0,0,0,0,21,0,3
175,94,25,1,1,8.666667,0,0,0,0,20,0,17
176,90,22,1,0,9.916667,0,0,0,0,19,0,6
176,92,22,0,0,9.916667,0,0,0,0,24,0,8
176,94,22,0,0,9.916667,0,0,0,0,24,0,6
177,90,19,3,1,9.25,0,0,0,0,21,0,63
177,92,19,4,1,9.25,0,0,0,0,20,0,78
177,94,19,4,1,9.25,0,0,0,0,16,0,73
178,90,22,1,0,8.833333,0,1,0,0,20,0,21
178,92,22,3,0,8.833333,0,1,0,0,19,0,58
178,94,22,2,0,8.833333,0,1,0,0,10,0,64
179,90,17,1,1,9.583333,0,0,0,0,19,0,11
179,92,17,0,1,9.583333,0,0,0,0,19,0,5
179,94,17,0,1,9.583333,0,0,0,0,16,0,2
180,90,23,0,1,9.083333,0,0,1,0,16,0,4
180,92,23,1,1,9.083333,0,0,1,0,19,0,7
180,94,23,0,1,9.083333,0,0,1,0,14,0,7
181,90,22,2,0,8.083333,0,0,0,0,20,0,27
181,92,22,4,0,8.083333,0,0,0,0,21,0,83
181,94,22,3,0,8.083333,0,0,0,0,20,0,65
182,90,21,4,0,9.916667,0,0,1,0,22,1,75
182,92,21,3,0,9.916667,0,0,1,0,21,0,59
182,94,21,3,0,9.916667,0,0,1,0,23,0,52
183,90,20,4,0,9.666667,0,0,1,0,22,0,80
183,92,20,2,0,9.666667,0,0,1,0,24,0,66
183,94,20,5,0,9.666667,0,0,1,0,24,0,96
184,90,22,1,1,9.75,0,0,0,0,18,0,23
184,92,22,1,1,9.75,0,0,0,0,21,0,9
184,94,22,2,1,9.75,0,0,0,0,16,0,43
185,90,21,0,1,9.166667,0,0,0,0,21,0,5
185,92,21,0,1,9.166667,0,0,0,0,19,0,1
185,94,21,1,1,9.166667,0,0,0,0,23,0,20
186,90,20,3,0,9.583333,0,0,1,0,19,1,54
186,92,20,1,0,9.583333,0,0,1,0,22,1,3
186,94,20,3,0,9.583333,0,0,1,0,17,1,57
187,90,19,0,0,9.416667,0,0,0,0,17,0,7
187,92,19,0,0,9.416667,0,0,0,0,19,0,14
187,94,19,2,0,9.416667,0,0,0,0,18,0,35
188,90,21,3,0,8.416667,0,1,0,0,23,1,50
188,92,21,2,0,8.416667,0,1,0,0,24,1,32
188,94,21,3,0,8.416667,0,1,0,0,24,1,58
189,90,21,0,0,9.583333,1,0,0,1,24,1,7
189,92,21,0,0,9.583333,1,0,0,1,24,1,17
189,94,21,1,0,9.583333,1,0,0,1,20,1,13
190,90,22,0,1,8.666667,1,0,0,1,16,1,1
190,92,22,0,1,8.666667,1,0,0,1,24,1,9
190,94,22,2,1,8.666667,1,0,0,1,18,1,33
191,90,21,2,0,9,0,0,0,0,19,0,40
191,92,21,3,0,9,0,0,0,0,20,0,69
191,94,21,1,0,9,0,0,0,0,23,0,13
192,90,22,0,0,8.916667,0,0,0,0,22,0,5
192,92,22,0,0,8.916667,0,0,0,0,24,0,16
192,94,22,2,0,8.916667,0,0,0,0,24,0,52
193,90,23,4,0,9.333333,0,0,0,0,18,1,86
193,92,23,3,0,9.333333,0,0,0,0,21,0,56
193,94,23,3,0,9.333333,0,0,0,0,22,1,57
194,90,20,0,1,8.416667,0,0,0,0,24,0,9
194,92,20,0,1,8.416667,0,0,0,0,24,0,4
194,94,20,0,1,8.416667,0,0,0,0,21,0,5
195,90,23,0,0,9.916667,0,0,1,0,24,0,6
195,92,23,0,0,9.916667,0,0,1,0,24,0,17
195,94,23,0,0,9.916667,0,0,1,0,24,0,27
196,90,23,3,1,8.583333,0,1,0,0,18,1,52
196,92,23,2,1,8.583333,0,1,0,0,19,1,48
196,94,23,2,1,8.583333,0,1,0,0,24,1,33
197,90,20,1,0,9,0,1,0,1,18,1,14
197,92,20,1,0,9,0,1,0,1,19,1,29
197,94,20,1,0,9,0,1,0,1,19,0,21
198,90,19,0,0,9.5,0,0,0,0,16,0,7
198,92,19,2,0,9.5,0,0,0,0,19,0,64
198,94,19,0,0,9.5,0,0,0,0,15,0,14
199,90,22,3,1,8.5,0,0,0,0,17,0,61
199,92,22,0,1,8.5,0,0,0,0,23,0,5
199,94,22,3,1,8.5,0,0,0,0,23,0,69
200,90,20,4,1,10,0,0,1,1,17,1,77
200,92,20,3,1,10,0,0,1,1,15,0,61
200,94,20,3,1,10,0,0,1,1,21,0,62
201,90,23,2,0,9,0,1,1,0,21,0,43
201,92,23,1,0,9,0,1,1,0,19,1,25
201,94,23,2,0,9,0,1,1,0,19,1,37
202,90,22,4,0,8.416667,0,1,1,0,15,0,79
202,92,22,4,0,8.416667,0,1,1,0,24,0,80
202,94,22,3,0,8.416667,0,1,1,0,21,0,73
203,90,23,6,0,8.5,0,0,0,1,20,0,94
203,92,23,5,0,8.5,0,0,0,1,11,0,92
203,94,23,0,0,8.5,0,0,0,1,12,0,30
204,90,22,2,0,8.833333,0,1,0,1,21,0,31
204,92,22,0,0,8.833333,0,1,0,1,23,0,4
204,94,22,0,0,8.833333,0,1,0,1,24,0,25
205,90,19,1,0,9.083333,0,0,0,1,24,0,8
205,92,19,1,0,9.083333,0,0,0,1,19,0,10
205,94,19,1,0,9.083333,0,0,0,1,20,1,40
206,90,23,0,0,9.666667,0,0,1,0,22,0,7
206,92,23,0,0,9.666667,0,0,1,0,24,0,18
206,94,23,0,0,9.666667,0,0,1,0,22,0,21
207,90,18,5,0,8.833333,0,0,0,0,22,0,92
207,92,18,3,0,8.833333,0,0,0,0,22,0,56
207,94,18,4,0,8.833333,0,0,0,0,21,0,98
208,90,23,0,0,8.916667,0,0,1,0,22,0,8
208,92,23,2,0,8.916667,0,0,1,0,22,0,35
208,94,23,1,0,8.916667,0,0,1,0,24,0,22
209,90,23,0,0,8.166667,0,1,0,0,19,0,5
209,92,23,0,0,8.166667,0,1,0,0,20,0,10
209,94,23,0,0,8.166667,0,1,0,0,22,0,19
210,90,19,0,1,9.333333,0,1,0,0,21,0,4
210,92,19,2,1,9.333333,0,1,0,0,22,0,38
210,94,19,0,1,9.333333,0,1,0,0,23,0,4
211,90,23,2,0,9.75,0,1,1,0,17,1,40
211,92,23,2,0,9.75,0,1,1,0,19,1,52
211,94,23,0,0,9.75,0,1,1,0,20,1,15
212,90,17,3,1,9.916667,0,1,0,0,20,1,69
212,92,17,3,1,9.916667,0,1,0,0,21,1,69
212,94,17,4,1,9.916667,0,1,0,0,15,1,78
213,90,19,2,1,9.416667,0,0,0,0,24,0,39
213,92,19,0,1,9.416667,0,0,0,0,22,0,2
213,94,19,1,1,9.416667,0,0,0,0,22,0,18
214,90,23,1,1,9.75,0,0,0,0,17,0,3
214,92,23,0,1,9.75,0,0,0,0,12,0,7
214,94,23,0,1,9.75,0,0,0,0,16,0,7
215,90,21,0,1,8.5,0,0,1,0,19,0,5
215,92,21,0,1,8.5,0,0,1,0,22,0,5
215,94,21,1,1,8.5,0,0,1,0,24,0,9
216,90,23,0,0,8.166667,0,0,0,1,17,0,10
216,92,23,0,0,8.166667,0,0,0,1,17,0,20
216,94,23,1,0,8.166667,0,0,0,1,24,0,8
217,90,21,1,1,9,0,1,0,0,23,0,7
217,92,21,1,1,9,0,1,0,0,19,0,14
217,94,21,2,1,9,0,1,0,0,15,1,48
218,90,18,0,0,9.083333,1,0,0,1,16,1,3
218,92,18,0,0,9.083333,1,0,0,1,23,1,17
218,94,18,0,0,9.083333,1,0,0,1,20,1,17
219,90,23,3,0,9.083333,0,0,1,0,24,0,69
219,92,23,2,0,9.083333,0,0,1,0,24,1,37
219,94,23,1,0,9.083333,0,0,1,0,23,1,27
220,90,19,3,0,9.916667,0,1,1,0,24,0,67
220,92,19,5,0,9.916667,0,1,1,0,15,0,87
220,94,19,4,0,9.916667,0,1,1,0,24,0,80
221,90,21,1,0,8.166667,0,1,1,0,17,0,25
221,92,21,1,0,8.166667,0,1,1,0,24,0,10
221,94,21,1,0,8.166667,0,1,1,0,23,0,18
222,90,24,0,1,8.5,0,0,0,0,22,0,2
222,92,24,0,1,8.5,0,0,0,0,23,0,4
222,94,24,1,1,8.5,0,0,0,0,24,0,11
223,90,20,2,0,9.166667,0,0,1,0,18,0,52
223,92,20,3,0,9.166667,0,0,1,0,21,0,60
223,94,20,3,0,9.166667,0,0,1,0,19,0,63
224,90,21,3,0,8.083333,0,0,1,0,16,0,61
224,92,21,4,0,8.083333,0,0,1,0,22,0,89
224,94,21,2,0,8.083333,0,0,1,0,22,0,30
225,90,22,0,1,9.833333,0,0,0,0,23,0,7
225,92,22,2,1,9.833333,0,0,0,0,23,0,26
225,94,22,2,1,9.833333,0,0,0,0,15,1,22
226,90,24,0,0,8.416667,0,0,0,0,24,0,9
226,92,24,2,0,8.416667,0,0,0,0,24,0,30
226,94,24,3,0,8.416667,0,0,0,0,17,1,63
227,90,22,1,0,9.083333,0,0,0,1,20,1,5
227,92,22,2,0,9.083333,0,0,0,1,22,0,33
227,94,22,1,0,9.083333,0,0,0,1,20,0,10
228,90,23,1,0,9.333333,1,0,1,1,22,1,3
228,92,23,4,0,9.333333,1,0,1,1,20,1,74
228,94,23,3,0,9.333333,1,0,1,1,19,1,78
229,90,19,1,0,9.666667,0,0,1,0,24,0,23
229,92,19,0,0,9.666667,0,0,1,0,22,0,14
229,94,19,4,0,9.666667,0,0,1,0,21,0,74
230,90,20,2,0,8.416667,0,0,0,0,21,0,29
230,92,20,3,0,8.416667,0,0,0,0,22,0,61
230,94,20,2,0,8.416667,0,0,0,0,23,0,33
231,90,22,0,1,8.5,0,0,1,0,20,1,5
231,92,22,2,1,8.5,0,0,1,0,22,1,31
231,94,22,6,1,8.5,0,0,1,0,19,1,95
232,90,22,1,1,8.5,0,0,1,0,23,1,9
232,92,22,2,1,8.5,0,0,1,0,17,1,32
232,94,22,6,1,8.5,0,0,1,0,16,1,100
233,90,20,5,0,9.833333,0,1,0,1,19,1,87
233,92,20,4,0,9.833333,0,1,0,1,24,1,87
233,94,20,6,0,9.833333,0,1,0,1,16,1,100
234,90,20,4,0,9.166667,1,0,0,1,19,1,76
234,92,20,4,0,9.166667,1,0,0,1,21,0,98
234,94,20,2,0,9.166667,1,0,0,1,21,0,38
235,90,17,2,0,10,1,0,0,0,20,0,51
235,92,17,1,0,10,1,0,0,0,12,0,16
235,94,17,1,0,10,1,0,0,0,13,0,33
236,90,21,2,0,9.583333,0,0,0,0,20,0,31
236,92,21,1,0,9.583333,0,0,0,0,17,0,30
236,94,21,4,0,9.583333,0,0,0,0,20,0,89
237,90,21,4,1,8.25,0,0,0,1,20,1,72
237,92,21,3,1,8.25,0,0,0,1,24,1,55
237,94,21,6,1,8.25,0,0,0,1,21,1,99
238,90,21,2,0,9.833333,0,0,0,0,24,0,43
238,92,21,4,0,9.833333,0,0,0,0,23,0,78
238,94,21,1,0,9.833333,0,0,0,0,21,0,7
239,90,21,2,1,9.083333,0,0,0,0,21,0,48
239,92,21,2,1,9.083333,0,0,0,0,19,0,31
239,94,21,1,1,9.083333,0,0,0,0,17,0,7
240,90,21,1,0,8.833333,0,1,0,0,20,0,24
240,92,21,0,0,8.833333,0,1,0,0,20,0,13
240,94,21,0,0,8.833333,0,1,0,0,20,0,21
241,90,20,3,0,10,0,0,0,0,13,0,68
241,92,20,3,0,10,0,0,0,0,24,0,69
241,94,20,3,0,10,0,0,0,0,22,0,52
242,90,22,2,1,8.416667,0,0,0,0,22,0,38
242,92,22,2,1,8.416667,0,0,0,0,22,0,44
242,94,22,1,1,8.416667,0,0,0,0,19,0,19
243,90,20,6,1,8,0,0,1,1,14,1,94
243,92,20,3,1,8,0,0,1,1,20,1,69
243,94,20,3,1,8,0,0,1,1,20,0,62
244,90,23,0,0,9.166667,0,0,0,0,21,0,3
244,92,23,0,0,9.166667,0,0,0,0,22,0,10
244,94,23,0,0,9.166667,0,0,0,0,24,0,21
245,90,20,0,1,8.75,0,0,0,1,14,0,4
245,92,20,0,1,8.75,0,0,0,1,21,0,7
245,94,20,1,1,8.75,0,0,0,1,18,0,18
246,90,19,1,1,8.333333,0,0,0,0,21,1,14
246,92,19,1,1,8.333333,0,0,0,0,18,0,17
246,94,19,1,1,8.333333,0,0,0,0,18,0,5
247,90,17,0,1,9.666667,0,0,0,1,21,1,7
247,92,17,0,1,9.666667,0,0,0,1,22,1,9
247,94,17,0,1,9.666667,0,0,0,1,23,1,9
248,90,21,1,1,8,0,0,0,0,18,0,17
248,92,21,0,1,8,0,0,0,0,8,0,8
248,94,21,1,1,8,0,0,0,0,11,1,20
249,90,19,0,0,8.166667,0,0,0,0,24,0,10
249,92,19,1,0,8.166667,0,0,0,0,23,0,17
249,94,19,1,0,8.166667,0,0,0,0,20,1,4
250,90,20,0,1,8.416667,0,0,1,0,17,0,9
250,92,20,2,1,8.416667,0,0,1,0,16,0,36
250,94,20,3,1,8.416667,0,0,1,0,17,0,65
251,90,20,3,1,9.333333,0,0,1,0,18,0,55
251,92,20,3,1,9.333333,0,0,1,0,23,0,56
251,94,20,5,1,9.333333,0,0,1,0,12,1,84
252,90,23,2,1,8.583333,0,0,0,1,22,0,26
252,92,23,0,1,8.583333,0,0,0,1,24,0,9
252,94,23,0,1,8.583333,0,0,0,1,20,0,8
253,90,21,3,1,9.75,0,1,0,0,20,0,69
253,92,21,4,1,9.75,0,1,0,0,19,0,74
253,94,21,3,1,9.75,0,1,0,0,23,0,64
254,90,21,0,1,8.416667,0,0,0,0,19,0,8
254,92,21,0,1,8.416667,0,0,0,0,24,0,2
254,94,21,0,1,8.416667,0,0,0,0,22,0,9
255,90,24,0,0,8.833333,0,0,0,0,23,0,6
255,92,24,0,0,8.833333,0,0,0,0,24,0,12
255,94,24,0,0,8.833333,0,0,0,0,24,0,22
256,90,22,1,1,8.083333,0,0,0,0,18,0,21
256,92,22,1,1,8.083333,0,0,0,0,23,0,21
256,94,22,1,1,8.083333,0,0,0,0,20,0,1
257,90,25,2,1,8.166667,0,0,1,0,22,0,31
257,92,25,1,1,8.166667,0,0,1,0,18,0,24
257,94,25,0,1,8.166667,0,0,1,0,22,1,2
258,90,17,0,0,9.166667,0,0,0,0,24,1,6
258,92,17,1,0,9.166667,0,0,0,0,24,0,6
258,94,17,3,0,9.166667,0,0,0,0,24,0,69
259,90,18,0,1,8,0,0,0,0,23,1,9
259,92,18,0,1,8,0,0,0,0,24,0,9
259,94,18,1,1,8,0,0,0,0,22,0,18
260,90,22,0,1,9.333333,0,0,0,0,24,0,2
260,92,22,1,1,9.333333,0,0,0,0,24,0,22
260,94,22,0,1,9.333333,0,0,0,0,24,0,9
261,90,20,3,1,8.416667,0,0,0,1,15,0,56
261,92,20,1,1,8.416667,0,0,0,1,21,0,25
261,94,20,1,1,8.416667,0,0,0,1,21,0,15
262,90,23,1,0,9.75,0,0,0,0,24,0,11
262,92,23,2,0,9.75,0,0,0,0,24,0,38
262,94,23,5,0,9.75,0,0,0,0,24,0,88
263,90,23,3,0,8.916667,0,0,0,1,21,1,58
263,92,23,2,0,8.916667,0,0,0,1,24,0,25
263,94,23,1,0,8.916667,0,0,0,1,22,0,31
264,90,19,2,0,8.083333,0,0,0,0,21,0,33
264,92,19,5,0,8.083333,0,0,0,0,19,0,87
264,94,19,4,0,8.083333,0,0,0,0,23,0,81
265,90,25,0,1,8.083333,0,0,1,0,23,0,9
265,92,25,1,1,8.083333,0,0,1,0,21,0,22
265,94,25,0,1,8.083333,0,0,1,0,23,0,5
266,90,22,0,1,9.666667,0,0,1,0,20,0,5
266,92,22,0,1,9.666667,0,0,1,0,23,0,5
266,94,22,0,1,9.666667,0,0,1,0,23,0,10
267,90,19,1,0,9.25,1,0,0,0,15,0,6
267,92,19,3,0,9.25,1,0,0,0,19,0,60
267,94,19,2,0,9.25,1,0,0,0,22,0,25
268,90,20,4,0,8.083333,1,0,0,0,15,0,83
268,92,20,3,0,8.083333,1,0,0,0,11,0,51
268,94,20,2,0,8.083333,1,0,0,0,24,0,67
269,90,18,0,1,9.75,0,0,1,0,21,1,10
269,92,18,0,1,9.75,0,0,1,0,19,1,10
269,94,18,0,1,9.75,0,0,1,0,20,0,9
270,90,20,1,0,9.833333,0,0,0,0,24,1,5
270,92,20,0,0,9.833333,0,0,0,0,22,1,14
270,94,20,0,0,9.833333,0,0,0,0,22,0,14
271,90,18,1,1,9.75,0,0,0,0,22,0,24
271,92,18,1,1,9.75,0,0,0,0,21,0,11
271,94,18,1,1,9.75,0,0,0,0,21,0,2
272,90,22,0,1,9.75,0,0,1,0,14,0,9
272,92,22,1,1,9.75,0,0,1,0,19,0,14
272,94,22,1,1,9.75,0,0,1,0,18,0,3
273,90,23,2,1,9.5,0,0,1,0,20,0,32
273,92,23,0,1,9.5,0,0,1,0,23,0,9
273,94,23,0,1,9.5,0,0,1,0,23,0,7
274,90,23,6,0,8.666667,0,0,0,0,24,1,95
274,92,23,5,0,8.666667,0,0,0,0,24,1,88
274,94,23,6,0,8.666667,0,0,0,0,23,1,99
275,90,22,2,0,9,0,0,0,0,23,0,28
275,92,22,1,0,9,0,0,0,0,24,0,21
275,94,22,1,0,9,0,0,0,0,24,0,32
276,90,20,4,0,8.166667,0,0,0,0,22,0,72
276,92,20,3,0,8.166667,0,0,0,0,17,0,54
276,94,20,3,0,8.166667,0,0,0,0,24,0,62
277,90,20,1,0,9.25,0,0,1,0,21,0,11
277,92,20,1,0,9.25,0,0,1,0,23,0,14
277,94,20,1,0,9.25,0,0,1,0,24,0,15
278,90,23,1,0,9.916667,0,0,0,0,20,0,3
278,92,23,1,0,9.916667,0,0,0,0,15,0,8
278,94,23,0,0,9.916667,0,0,0,0,16,0,30
279,90,20,3,0,10,0,0,0,0,24,0,69
279,92,20,3,0,10,0,0,0,0,24,0,55
279,94,20,3,0,10,0,0,0,0,20,0,74
280,90,17,2,0,8.5,0,0,0,0,16,0,30
280,92,17,1,0,8.5,0,0,0,0,21,1,25
280,94,17,1,0,8.5,0,0,0,0,21,1,7
281,90,19,3,0,9.5,0,0,1,0,24,1,66
281,92,19,3,0,9.5,0,0,1,0,24,1,54
281,94,19,5,0,9.5,0,0,1,0,24,1,82
282,90,19,0,1,9.333333,0,0,0,0,24,0,7
282,92,19,2,1,9.333333,0,0,0,0,24,0,36
282,94,19,0,1,9.333333,0,0,0,0,24,0,7
283,90,22,2,1,8.25,0,0,0,0,24,0,31
283,92,22,0,1,8.25,0,0,0,0,18,0,7
283,94,22,1,1,8.25,0,0,0,0,22,0,20
284,90,20,3,0,8,0,1,0,0,19,0,69
284,92,20,3,0,8,0,1,0,0,24,1,65
284,94,20,1,0,8,0,1,0,0,24,1,6
285,90,23,1,0,9.666667,0,0,0,0,18,0,28
285,92,23,1,0,9.666667,0,0,0,0,22,0,5
285,94,23,1,0,9.666667,0,0,0,0,20,0,15
286,90,24,1,1,9.083333,0,0,0,0,15,0,22
286,92,24,0,1,9.083333,0,0,0,0,19,0,7
286,94,24,0,1,9.083333,0,0,0,0,18,0,5
287,90,23,0,1,9,0,0,0,0,21,0,7
287,92,23,0,1,9,0,0,0,0,24,0,5
287,94,23,1,1,9,0,0,0,0,18,0,14
288,90,24,0,0,8,0,0,0,0,21,0,7
288,92,24,0,0,8,0,0,0,0,20,0,14
288,94,24,0,0,8,0,0,0,0,18,0,7
289,90,22,3,1,8.583333,0,0,1,0,20,0,52
289,92,22,0,1,8.583333,0,0,1,0,20,0,6
289,94,22,1,1,8.583333,0,0,1,0,17,0,14
290,90,17,2,1,8.166667,0,1,0,0,17,0,44
290,92,17,4,1,8.166667,0,1,0,0,14,1,71
290,94,17,5,1,8.166667,0,1,0,0,18,0,81
291,90,19,0,0,8.583333,0,0,0,0,14,0,6
291,92,19,0,0,8.583333,0,0,0,0,19,0,15
291,94,19,2,0,8.583333,0,0,0,0,23,0,38
292,90,19,0,1,8.583333,0,0,0,1,23,1,5
292,92,19,0,1,8.583333,0,0,0,1,24,1,7
292,94,19,2,1,8.583333,0,0,0,1,19,1,39
293,90,21,1,1,9.583333,0,0,0,1,14,0,25
293,92,21,0,1,9.583333,0,0,0,1,24,0,7
293,94,21,1,1,9.583333,0,0,0,1,12,0,6
294,90,21,2,1,9.25,0,0,0,0,23,0,36
294,92,21,2,1,9.25,0,0,0,0,24,0,48
294,94,21,3,1,9.25,0,0,0,0,14,0,70
295,90,18,2,0,9,0,0,1,0,24,0,33
295,92,18,3,0,9,0,0,1,0,23,0,58
295,94,18,3,0,9,0,0,1,0,17,0,68
296,90,21,1,0,8.833333,1,0,0,0,13,0,17
296,92,21,1,0,8.833333,1,0,0,0,18,0,3
296,94,21,0,0,8.833333,1,0,0,0,23,0,26
297,90,19,1,1,9.583333,1,0,0,0,17,1,22
297,92,19,6,1,9.583333,1,0,0,0,23,1,94
297,94,19,4,1,9.583333,1,0,0,0,22,0,72
298,90,19,1,1,8.166667,1,0,0,0,18,1,11
298,92,19,1,1,8.166667,1,0,0,0,23,1,9
298,94,19,0,1,8.166667,1,0,0,0,23,0,6
299,90,19,1,0,9.916667,1,0,0,0,16,1,9
299,92,19,0,0,9.916667,1,0,0,0,23,1,10
299,94,19,0,0,9.916667,1,0,0,0,24,0,7
300,90,21,4,0,8,1,0,0,0,12,1,81
300,92,21,5,0,8,1,0,0,0,24,1,93
300,94,21,3,0,8,1,0,0,0,24,0,74
301,90,23,0,0,8.75,1,0,0,0,21,0,4
301,92,23,1,0,8.75,1,0,0,0,20,0,23
301,94,23,4,0,8.75,1,0,0,0,22,1,93
302,90,22,3,1,9,1,0,0,1,12,0,62
302,92,22,3,1,9,1,0,0,1,16,0,52
302,94,22,4,1,9,1,0,0,1,22,1,75
303,90,22,0,1,8.416667,1,0,1,0,17,0,6
303,92,22,0,1,8.416667,1,0,1,0,18,0,8
303,94,22,0,1,8.416667,1,0,1,0,24,0,7
304,90,24,1,0,8.5,1,0,0,0,24,0,19
304,92,24,3,0,8.5,1,0,0,0,19,0,58
304,94,24,3,0,8.5,1,0,0,0,24,0,60
305,90,19,4,0,8.25,1,0,1,0,22,0,89
305,92,19,4,0,8.25,1,0,1,0,24,0,98
305,94,19,6,0,8.25,1,0,1,0,21,0,95
306,90,19,2,0,8.166667,1,0,1,0,14,0,25
306,92,19,0,0,8.166667,1,0,1,0,20,0,20
306,94,19,2,0,8.166667,1,0,1,0,20,0,57
307,90,19,0,1,8.833333,1,0,0,0,24,0,7
307,92,19,0,1,8.833333,1,0,0,0,20,0,5
307,94,19,0,1,8.833333,1,0,0,0,24,0,7
308,90,20,2,0,8,0,1,0,0,24,0,53
308,92,20,0,0,8,0,1,0,0,20,0,5
308,94,20,0,0,8,0,1,0,0,19,0,30
309,90,22,2,1,9.333333,0,1,1,0,22,0,36
309,92,22,3,1,9.333333,0,1,1,0,16,0,62
309,94,22,3,1,9.333333,0,1,1,0,22,1,56
310,90,18,5,0,10,0,1,0,0,24,1,87
310,92,18,4,0,10,0,1,0,0,22,0,80
310,94,18,6,0,10,0,1,0,0,15,1,94
311,90,19,0,1,8.666667,0,1,0,0,21,0,7
311,92,19,0,1,8.666667,0,1,0,0,23,1,10
311,94,19,0,1,8.666667,0,1,0,0,21,0,8
312,90,19,2,0,9.25,0,1,0,0,17,1,34
312,92,19,3,0,9.25,0,1,0,0,21,1,69
312,94,19,0,0,9.25,0,1,0,0,24,1,17
313,90,23,1,1,9.25,0,1,1,0,24,1,14
313,92,23,2,1,9.25,0,1,1,0,20,1,26
313,94,23,2,1,9.25,0,1,1,0,23,1,32
314,90,20,1,1,8.25,0,1,1,0,20,1,9
314,92,20,1,1,8.25,0,1,1,0,23,1,24
314,94,20,1,1,8.25,0,1,1,0,19,1,2
315,90,17,1,0,9.916667,0,1,1,1,23,1,12
315,92,17,0,0,9.916667,0,1,1,1,20,1,17
315,94,17,0,0,9.916667,0,1,1,1,23,1,16
316,90,20,3,0,9,0,1,1,0,21,1,58
316,92,20,2,0,9,0,1,1,0,19,1,67
316,94,20,1,0,9,0,1,1,0,24,1,4
317,90,21,1,0,9.833333,1,0,0,0,21,0,19
317,92,21,0,0,9.833333,1,0,0,0,24,0,5
317,94,21,1,0,9.833333,1,0,0,0,19,0,38
318,90,23,1,1,8,1,0,0,0,22,0,24
318,92,23,2,1,8,1,0,0,0,17,0,41
318,94,23,0,1,8,1,0,0,0,15,0,5
319,90,19,1,0,9.583333,0,1,0,0,21,1,2
319,92,19,3,0,9.583333,0,1,0,0,23,1,51
319,94,19,2,0,9.583333,0,1,0,0,19,0,49
320,90,21,2,0,8.083333,0,1,0,0,21,1,47
320,92,21,2,0,8.083333,0,1,0,0,21,1,38
320,94,21,4,0,8.083333,0,1,0,0,18,0,96
321,90,19,1,0,8.333333,0,1,0,0,18,1,19
321,92,19,3,0,8.333333,0,1,0,0,14,0,63
321,94,19,2,0,8.333333,0,1,0,0,18,0,30
322,90,20,1,1,9.083333,0,1,1,1,15,1,23
322,92,20,2,1,9.083333,0,1,1,1,17,1,35
322,94,20,2,1,9.083333,0,1,1,1,21,0,44
323,90,21,1,1,8.583333,0,1,1,0,24,0,6
323,92,21,1,1,8.583333,0,1,1,0,23,0,23
323,94,21,2,1,8.583333,0,1,1,0,24,0,38
324,90,23,0,0,9.333333,0,1,0,0,22,0,2
324,92,23,1,0,9.333333,0,1,0,0,23,0,24
324,94,23,2,0,9.333333,0,1,0,0,24,0,53
325,90,18,0,1,8,0,1,1,0,18,0,8
325,92,18,2,1,8,0,1,1,0,22,0,45
325,94,18,2,1,8,0,1,1,0,19,0,44
326,90,23,3,0,8.833333,0,1,0,1,19,1,59
326,92,23,1,0,8.833333,0,1,0,1,23,0,11
326,94,23,4,0,8.833333,0,1,0,1,22,1,90
327,90,21,2,1,8.666667,0,1,0,1,14,1,48
327,92,21,0,1,8.666667,0,1,0,1,18,1,3
327,94,21,1,1,8.666667,0,1,0,1,24,1,19
328,90,19,5,0,9.166667,0,1,0,0,15,1,88
328,92,19,5,0,9.166667,0,1,0,0,18,0,94
328,94,19,6,0,9.166667,0,1,0,0,19,1,93
329,90,23,2,1,9.833333,0,1,0,1,22,1,26
329,92,23,0,1,9.833333,0,1,0,1,22,0,9
329,94,23,1,1,9.833333,0,1,0,1,21,0,17
330,90,24,0,0,8.833333,0,1,0,1,12,1,9
330,92,24,0,0,8.833333,0,1,0,1,23,0,20
330,94,24,0,0,8.833333,0,1,0,1,24,0,20
331,90,22,1,0,9.833333,0,1,0,1,18,0,30
331,92,22,4,0,9.833333,0,1,0,1,22,0,74
331,94,22,4,0,9.833333,0,1,0,1,20,1,74
332,90,21,0,0,8,0,1,0,0,19,0,2
332,92,21,1,0,8,0,1,0,0,19,0,6
332,94,21,1,0,8,0,1,0,0,20,0,22
333,90,21,3,1,8.166667,0,1,0,1,18,1,58
333,92,21,2,1,8.166667,0,1,0,1,17,0,40
333,94,21,2,1,8.166667,0,1,0,1,13,1,30
334,90,23,4,1,9,0,1,0,0,18,0,72
334,92,23,4,1,9,0,1,0,0,21,0,79
334,94,23,2,1,9,0,1,0,0,14,0,36
335,90,20,1,1,9.166667,0,1,0,0,20,0,24
335,92,20,0,1,9.166667,0,1,0,0,23,0,3
335,94,20,1,1,9.166667,0,1,0,0,23,0,7
336,90,17,0,1,9.333333,0,1,0,1,21,1,5
336,92,17,4,1,9.333333,0,1,0,1,13,1,76
336,94,17,0,1,9.333333,0,1,0,1,23,0,10
337,90,19,1,1,9.833333,0,1,0,0,16,1,1
337,92,19,1,1,9.833333,0,1,0,0,22,1,6
337,94,19,5,1,9.833333,0,1,0,0,22,1,89
338,90,23,5,1,9.25,0,1,0,0,17,0,90
338,92,23,6,1,9.25,0,1,0,0,14,0,94
338,94,23,4,1,9.25,0,1,0,0,20,1,78
339,90,24,2,0,8.333333,0,1,0,0,22,0,41
339,92,24,2,0,8.333333,0,1,0,0,21,0,57
339,94,24,3,0,8.333333,0,1,0,0,19,1,66
340,90,18,2,0,10,0,1,0,1,19,1,28
340,92,18,2,0,10,0,1,0,1,23,1,49
340,94,18,5,0,10,0,1,0,1,20,1,98
341,90,19,2,1,9.75,0,1,0,0,21,1,41
341,92,19,1,1,9.75,0,1,0,0,24,1,24
341,94,19,2,1,9.75,0,1,0,0,23,0,20
342,90,22,1,1,8.25,0,1,0,0,21,0,22
342,92,22,1,1,8.25,0,1,0,0,20,0,1
342,94,22,0,1,8.25,0,1,0,0,24,0,3
343,90,20,1,0,9.166667,0,1,0,1,18,1,18
343,92,20,4,0,9.166667,0,1,0,1,11,0,89
343,94,20,2,0,9.166667,0,1,0,1,22,1,39
344,90,18,0,1,9.666667,0,1,0,0,18,0,10
344,92,18,1,1,9.666667,0,1,0,0,20,1,22
344,94,18,1,1,9.666667,0,1,0,0,19,0,7
345,90,19,3,0,8.75,0,1,0,1,18,1,69
345,92,19,4,0,8.75,0,1,0,1,16,1,81
345,94,19,4,0,8.75,0,1,0,1,12,0,87
346,90,17,3,1,9,0,1,1,0,17,1,66
346,92,17,2,1,9,0,1,1,0,23,1,45
346,94,17,2,1,9,0,1,1,0,24,1,27
347,90,22,3,1,8.166667,0,1,1,0,24,1,67
347,92,22,1,1,8.166667,0,1,1,0,21,1,19
347,94,22,2,1,8.166667,0,1,1,0,13,1,26
348,90,22,3,0,9.666667,0,1,1,0,21,0,56
348,92,22,6,0,9.666667,0,1,1,0,20,1,94
348,94,22,6,0,9.666667,0,1,1,0,24,1,90
349,90,22,3,0,8.583333,0,1,1,0,20,1,56
349,92,22,0,0,8.583333,0,1,1,0,24,1,11
349,94,22,0,0,8.583333,0,1,1,0,24,1,18
350,90,19,1,0,8.083333,0,1,0,1,21,1,8
350,92,19,1,0,8.083333,0,1,0,1,18,0,5
350,94,19,0,0,8.083333,0,1,0,1,22,0,11
351,90,21,0,1,8.333333,0,1,1,0,20,1,3
351,92,21,1,1,8.333333,0,1,1,0,24,1,2
351,94,21,1,1,8.333333,0,1,1,0,18,1,11
352,90,16,1,0,9.833333,0,1,0,0,24,0,16
352,92,16,0,0,9.833333,0,1,0,0,24,1,11
352,94,16,0,0,9.833333,0,1,0,0,23,1,5
353,90,18,2,0,8.75,0,1,0,0,17,0,44
353,92,18,2,0,8.75,0,1,0,0,24,1,30
353,94,18,2,0,8.75,0,1,0,0,23,0,59
354,90,23,2,0,8.083333,0,1,0,0,24,0,35
354,92,23,1,0,8.083333,0,1,0,0,24,0,11
354,94,23,2,0,8.083333,0,1,0,0,24,1,46
355,90,20,2,0,9.083333,0,1,1,0,21,1,48
355,92,20,0,0,9.083333,0,1,1,0,18,1,13
355,94,20,0,0,9.083333,0,1,1,0,21,1,27
356,90,18,1,1,8.583333,0,1,0,0,14,0,19
356,92,18,0,1,8.583333,0,1,0,0,18,0,10
356,94,18,0,1,8.583333,0,1,0,0,16,0,9
357,90,18,5,0,9.666667,0,1,0,0,20,1,93
357,92,18,4,0,9.666667,0,1,0,0,20,1,93
357,94,18,2,0,9.666667,0,1,0,0,20,1,27
358,90,22,4,1,8.75,0,1,1,1,15,1,73
358,92,22,6,1,8.75,0,1,1,1,18,1,95
358,94,22,2,1,8.75,0,1,1,1,20,1,49
359,90,23,0,1,8.5,0,1,0,1,23,1,9
359,92,23,2,1,8.5,0,1,0,1,18,1,33
359,94,23,2,1,8.5,0,1,0,1,21,1,21
360,90,17,3,0,9.166667,0,1,0,0,14,0,60
360,92,17,1,0,9.166667,0,1,0,0,23,0,3
360,94,17,4,0,9.166667,0,1,0,0,21,1,98
361,90,23,1,1,8.833333,1,0,0,1,18,1,2
361,92,23,0,1,8.833333,1,0,0,1,15,0,6
361,94,23,0,1,8.833333,1,0,0,1,14,0,3
362,90,22,2,1,8.916667,0,1,1,1,18,1,35
362,92,22,1,1,8.916667,0,1,1,1,21,1,4
362,94,22,0,1,8.916667,0,1,1,1,21,1,10
363,90,19,2,0,8,1,0,1,1,22,0,39
363,92,19,3,0,8,1,0,1,1,24,0,58
363,94,19,2,0,8,1,0,1,1,23,0,68
364,90,20,0,0,9.5,0,1,0,0,19,1,9
364,92,20,5,0,9.5,0,1,0,0,18,0,93
364,94,20,3,0,9.5,0,1,0,0,18,0,50
365,90,21,1,1,9.166667,1,0,0,1,17,1,4
365,92,21,0,1,9.166667,1,0,0,1,16,1,6
365,94,21,1,1,9.166667,1,0,0,1,17,0,20
366,90,24,0,1,8.25,1,0,0,0,12,0,3
366,92,24,0,1,8.25,1,0,0,0,18,0,7
366,94,24,0,1,8.25,1,0,0,0,21,0,6
367,90,22,0,1,9.083333,0,1,0,1,14,0,10
367,92,22,1,1,9.083333,0,1,0,1,12,0,25
367,94,22,0,1,9.083333,0,1,0,1,16,0,6
368,90,18,2,0,8.333333,0,1,1,0,23,1,26
368,92,18,1,0,8.333333,0,1,1,0,23,1,28
368,94,18,0,0,8.333333,0,1,1,0,19,1,5
369,90,20,1,1,9.416667,0,1,1,0,21,1,25
369,92,20,1,1,9.416667,0,1,1,0,23,1,17
369,94,20,1,1,9.416667,0,1,1,0,22,1,11
370,90,21,1,1,8.75,1,0,1,0,24,1,17
370,92,21,2,1,8.75,1,0,1,0,21,1,38
370,94,21,3,1,8.75,1,0,1,0,22,1,50
371,90,23,1,1,8.666667,0,1,0,0,22,0,18
371,92,23,1,1,8.666667,0,1,0,0,23,0,18
371,94,23,2,1,8.666667,0,1,0,0,23,0,32
372,90,20,2,1,9.75,0,1,0,0,17,0,45
372,92,20,1,1,9.75,0,1,0,0,18,1,8
372,94,20,1,1,9.75,0,1,0,0,24,1,4
373,90,21,5,0,8.333333,0,1,0,0,20,0,94
373,92,21,3,0,8.333333,0,1,0,0,23,1,66
373,94,21,5,0,8.333333,0,1,0,0,24,1,91
374,90,24,2,1,8.25,0,1,0,0,24,0,40
374,92,24,6,1,8.25,0,1,0,0,12,0,100
374,94,24,3,1,8.25,0,1,0,0,17,1,50
375,90,21,1,0,8.916667,0,1,0,1,21,0,21
375,92,21,0,0,8.916667,0,1,0,1,22,0,12
375,94,21,0,0,8.916667,0,1,0,1,21,0,27
376,90,23,0,0,8.916667,0,1,0,1,17,0,8
376,92,23,0,0,8.916667,0,1,0,1,18,0,8
376,94,23,0,0,8.916667,0,1,0,1,22,0,23
377,90,22,0,1,8.916667,0,1,0,0,23,1,6
377,92,22,1,1,8.916667,0,1,0,0,24,0,2
377,94,22,1,1,8.916667,0,1,0,0,24,0,14
378,90,21,2,0,9.083333,0,1,0,0,21,1,54
378,92,21,3,0,9.083333,0,1,0,0,21,1,62
378,94,21,0,0,9.083333,0,1,0,0,24,1,6
379,90,19,0,1,9.166667,0,1,0,0,22,0,6
379,92,19,0,1,9.166667,0,1,0,0,23,0,6
379,94,19,2,1,9.166667,0,1,0,0,24,0,25
380,90,17,1,1,9.916667,1,0,1,1,24,1,8
380,92,17,3,1,9.916667,1,0,1,1,19,1,58
380,94,17,2,1,9.916667,1,0,1,1,21,0,29
381,90,20,4,0,8.25,0,1,0,1,18,0,75
381,92,20,3,0,8.25,0,1,0,1,21,0,66
381,94,20,3,0,8.25,0,1,0,1,21,1,57
382,90,19,1,1,8.666667,0,1,1,0,18,1,2
382,92,19,3,1,8.666667,0,1,1,0,24,1,66
382,94,19,1,1,8.666667,0,1,1,0,23,1,9
383,90,21,5,1,9.333333,0,1,1,1,20,1,89
383,92,21,5,1,9.333333,0,1,1,1,17,1,84
383,94,21,4,1,9.333333,0,1,1,1,19,1,74
384,90,22,5,1,8,0,1,1,1,23,1,85
384,92,22,5,1,8,0,1,1,1,21,1,83
384,94,22,6,1,8,0,1,1,1,16,1,95
385,90,23,4,0,9.5,0,1,0,1,17,1,89
385,92,23,5,0,9.5,0,1,0,1,22,1,89
385,94,23,6,0,9.5,0,1,0,1,20,0,91
386,90,19,4,0,8.166667,0,1,1,0,20,1,76
386,92,19,6,0,8.166667,0,1,1,0,23,1,95
386,94,19,3,0,8.166667,0,1,1,0,17,1,56
387,90,18,0,0,9.25,0,1,0,0,23,1,2
387,92,18,1,0,9.25,0,1,0,0,24,1,17
387,94,18,0,0,9.25,0,1,0,0,24,1,10
388,90,17,1,1,8.333333,0,1,0,0,16,1,24
388,92,17,2,1,8.333333,0,1,0,0,23,1,25
388,94,17,2,1,8.333333,0,1,0,0,24,1,27
389,90,22,5,0,9.083333,0,1,0,0,20,0,93
389,92,22,2,0,9.083333,0,1,0,0,23,0,53
389,94,22,2,0,9.083333,0,1,0,0,22,1,51
390,90,22,2,1,9.333333,0,1,1,1,22,1,45
390,92,22,4,1,9.333333,0,1,1,1,11,1,70
390,94,22,6,1,9.333333,0,1,1,1,12,1,94
391,90,20,1,0,9.166667,0,1,0,0,21,0,20
391,92,20,2,0,9.166667,0,1,0,0,19,0,39
391,94,20,0,0,9.166667,0,1,0,0,13,0,29
392,90,20,0,1,9.833333,0,1,1,0,24,0,7
392,92,20,0,1,9.833333,0,1,1,0,20,0,4
392,94,20,1,1,9.833333,0,1,1,0,22,0,5
393,90,21,3,0,8.75,0,1,1,0,22,0,61
393,92,21,3,0,8.75,0,1,1,0,24,0,57
393,94,21,4,0,8.75,0,1,1,0,24,0,88
394,90,18,0,1,8.583333,0,1,0,0,12,0,6
394,92,18,2,1,8.583333,0,1,0,0,22,0,31
394,94,18,2,1,8.583333,0,1,0,0,21,0,22
395,90,19,0,0,8.25,0,1,1,0,11,0,4
395,92,19,1,0,8.25,0,1,1,0,23,0,9
395,94,19,2,0,8.25,0,1,1,0,21,0,65
396,90,18,2,1,9,0,1,0,0,16,0,33
396,92,18,3,1,9,0,1,0,0,17,0,67
396,94,18,2,1,9,0,1,0,0,23,0,35
397,90,21,4,0,9.25,0,1,1,0,24,1,72
397,92,21,5,0,9.25,0,1,1,0,21,1,86
397,94,21,5,0,9.25,0,1,1,0,24,1,80
398,90,18,0,1,9.416667,0,1,0,0,22,1,4
398,92,18,1,1,9.416667,0,1,0,0,21,1,24
398,94,18,0,1,9.416667,0,1,0,0,24,0,7
399,90,18,2,0,8.25,0,1,0,0,16,0,42
399,92,18,2,0,8.25,0,1,0,0,20,1,59
399,94,18,1,0,8.25,0,1,0,0,20,1,11
400,90,22,2,1,9.416667,0,1,0,1,23,0,38
400,92,22,1,1,9.416667,0,1,0,1,20,0,21
400,94,22,2,1,9.416667,0,1,0,1,21,0,38
401,90,20,1,1,8,0,1,0,0,24,0,21
401,92,20,1,1,8,0,1,0,0,22,0,8
401,94,20,1,1,8,0,1,0,0,23,0,17
402,90,17,2,1,8.916667,0,1,0,0,22,1,25
402,92,17,1,1,8.916667,0,1,0,0,22,1,8
402,94,17,1,1,8.916667,0,1,0,0,18,1,4
403,90,22,0,1,8.166667,0,1,0,0,24,1,2
403,92,22,1,1,8.166667,0,1,0,0,24,0,13
403,94,22,0,1,8.166667,0,1,0,0,21,0,6
404,90,21,0,1,8,1,0,0,0,23,0,9
404,92,21,0,1,8,1,0,0,0,18,0,2
404,94,21,0,1,8,1,0,0,0,24,0,4
405,90,24,0,1,9.25,1,0,0,1,21,0,2
405,92,24,0,1,9.25,1,0,0,1,16,0,9
405,94,24,3,1,9.25,1,0,0,1,23,0,54
406,90,24,3,0,8.583333,0,1,0,1,17,1,69
406,92,24,2,0,8.583333,0,1,0,1,24,0,46
406,94,24,2,0,8.583333,0,1,0,1,20,0,49
407,90,24,4,1,8.666667,0,1,0,0,22,0,78
407,92,24,1,1,8.666667,0,1,0,0,17,0,25
407,94,24,3,1,8.666667,0,1,0,0,23,0,50
408,90,19,0,1,8.833333,0,1,1,0,23,1,9
408,92,19,1,1,8.833333,0,1,1,0,24,1,14
408,94,19,1,1,8.833333,0,1,1,0,21,1,2
409,90,19,4,0,9.583333,0,1,0,1,22,1,82
409,92,19,4,0,9.583333,0,1,0,1,21,1,96
409,94,19,4,0,9.583333,0,1,0,1,21,0,88
410,90,16,0,0,9.583333,0,1,0,0,23,0,10
410,92,16,1,0,9.583333,0,1,0,0,23,0,19
410,94,16,1,0,9.583333,0,1,0,0,23,1,26
411,90,19,4,0,8.333333,1,0,1,1,20,1,78
411,92,19,4,0,8.333333,1,0,1,1,11,0,90
411,94,19,2,0,8.333333,1,0,1,1,19,0,38
412,90,22,2,1,10,0,1,0,1,19,0,31
412,92,22,2,1,10,0,1,0,1,22,0,30
412,94,22,4,1,10,0,1,0,1,24,0,73
413,90,19,1,1,8.083333,1,0,0,0,19,0,8
413,92,19,1,1,8.083333,1,0,0,0,24,0,5
413,94,19,2,1,8.083333,1,0,0,0,20,0,26
414,90,19,3,0,8.916667,1,0,1,0,20,1,60
414,92,19,3,0,8.916667,1,0,1,0,19,0,61
414,94,19,4,0,8.916667,1,0,1,0,24,0,92
415,90,20,0,1,8.583333,1,0,0,0,23,0,8
415,92,20,0,1,8.583333,1,0,0,0,23,0,2
415,94,20,0,1,8.583333,1,0,0,0,19,0,2
416,90,22,0,0,9.416667,1,0,0,0,15,0,4
416,92,22,0,0,9.416667,1,0,0,0,22,0,3
416,94,22,0,0,9.416667,1,0,0,0,20,0,10
417,90,19,1,1,8,0,1,0,0,22,0,8
417,92,19,3,1,8,0,1,0,0,12,0,64
417,94,19,1,1,8,0,1,0,0,9,1,16
418,90,17,3,0,9.916667,0,1,1,0,11,1,51
418,92,17,2,0,9.916667,0,1,1,0,14,1,27
418,94,17,5,0,9.916667,0,1,1,0,17,1,90
419,90,18,1,0,8.833333,0,1,1,0,21,1,4
419,92,18,2,0,8.833333,0,1,1,0,18,1,68
419,94,18,5,0,8.833333,0,1,1,0,17,1,87
420,90,18,0,1,8.333333,1,0,1,0,21,1,2
420,92,18,1,1,8.333333,1,0,1,0,23,1,17
420,94,18,2,1,8.333333,1,0,1,0,22,1,35
421,90,20,0,0,9.5,1,0,1,0,15,0,3
421,92,20,0,0,9.5,1,0,1,0,16,1,18
421,94,20,0,0,9.5,1,0,1,0,14,1,9
422,90,23,2,1,9.333333,0,1,1,0,24,0,30
422,92,23,3,1,9.333333,0,1,1,0,17,0,52
422,94,23,1,1,9.333333,0,1,1,0,24,0,16
423,90,22,2,0,8.25,1,0,0,0,20,0,52
423,92,22,0,0,8.25,1,0,0,0,24,0,3
423,94,22,1,0,8.25,1,0,0,0,24,0,16
424,90,19,1,0,8.333333,1,0,0,0,16,0,27
424,92,19,0,0,8.333333,1,0,0,0,18,0,18
424,94,19,0,0,8.333333,1,0,0,0,24,0,21
425,90,23,5,0,9.583333,0,1,1,0,24,0,89
425,92,23,5,0,9.583333,0,1,1,0,24,0,94
425,94,23,1,0,9.583333,0,1,1,0,24,0,25
426,90,23,2,1,9.333333,1,0,1,1,21,1,50
426,92,23,3,1,9.333333,1,0,1,1,24,1,62
426,94,23,1,1,9.333333,1,0,1,1,23,1,8
427,90,19,0,1,8.75,1,0,1,0,18,1,4
427,92,19,0,1,8.75,1,0,1,0,15,0,9
427,94,19,2,1,8.75,1,0,1,0,14,0,47
428,90,19,0,0,9.833333,0,1,0,0,19,0,7
428,92,19,2,0,9.833333,0,1,0,0,24,0,51
428,94,19,2,0,9.833333,0,1,0,0,22,1,44
429,90,21,3,1,8.083333,1,0,1,0,21,1,64
429,92,21,2,1,8.083333,1,0,1,0,17,1,50
429,94,21,4,1,8.083333,1,0,1,0,23,1,76
430,90,22,2,1,8.25,1,0,1,1,21,1,26
430,92,22,1,1,8.25,1,0,1,1,18,1,11
430,94,22,0,1,8.25,1,0,1,1,24,1,9
431,90,18,0,1,9.333333,1,0,1,0,24,1,10
431,92,18,0,1,9.333333,1,0,1,0,21,0,8
431,94,18,1,1,9.333333,1,0,1,0,17,1,4
432,90,18,0,1,9.166667,1,0,0,0,21,1,4
432,92,18,0,1,9.166667,1,0,0,0,24,0,2
432,94,18,0,1,9.166667,1,0,0,0,19,1,2
433,90,20,4,0,9.916667,0,1,1,0,15,1,86
433,92,20,5,0,9.916667,0,1,1,0,17,1,91
433,94,20,6,0,9.916667,0,1,1,0,24,1,97
434,90,22,0,0,8.75,1,0,0,0,13,0,10
434,92,22,0,0,8.75,1,0,0,0,19,0,15
434,94,22,0,0,8.75,1,0,0,0,12,0,28
435,90,20,3,0,9.916667,1,0,1,0,19,0,54
435,92,20,6,0,9.916667,1,0,1,0,17,0,100
435,94,20,6,0,9.916667,1,0,1,0,20,0,92
436,90,21,2,0,8.833333,1,0,1,0,23,0,41
436,92,21,3,0,8.833333,1,0,1,0,20,0,50
436,94,21,2,0,8.833333,1,0,1,0,22,0,67
437,90,19,1,1,8.083333,1,0,0,1,17,1,13
437,92,19,1,1,8.083333,1,0,0,1,11,1,7
437,94,19,2,1,8.083333,1,0,0,1,13,1,24
438,90,22,0,1,9.083333,1,0,0,0,23,0,3
438,92,22,1,1,9.083333,1,0,0,0,23,0,21
438,94,22,0,1,9.083333,1,0,0,0,19,0,9
439,90,24,1,0,8.25,1,0,1,0,20,0,11
439,92,24,0,0,8.25,1,0,1,0,17,0,4
439,94,24,1,0,8.25,1,0,1,0,20,1,2
440,90,24,1,1,8.25,1,0,1,0,18,0,25
440,92,24,0,1,8.25,1,0,1,0,22,0,4
440,94,24,2,1,8.25,1,0,1,0,15,1,46
441,90,20,1,1,8.083333,1,0,1,0,21,0,14
441,92,20,3,1,8.083333,1,0,1,0,23,1,69
441,94,20,0,1,8.083333,1,0,1,0,21,1,8
442,90,24,3,1,8.666667,1,0,0,0,12,0,52
442,92,24,3,1,8.666667,1,0,0,0,18,0,62
442,94,24,2,1,8.666667,1,0,0,0,21,0,26
443,90,19,1,1,8.25,1,0,1,0,22,1,5
443,92,19,2,1,8.25,1,0,1,0,19,0,26
443,94,19,1,1,8.25,1,0,1,0,24,1,3
444,90,21,2,0,8.916667,1,0,1,0,19,1,34
444,92,21,1,0,8.916667,1,0,1,0,15,1,12
444,94,21,0,0,8.916667,1,0,1,0,19,1,14
445,90,20,0,1,9.166667,1,0,0,0,15,0,7
445,92,20,0,1,9.166667,1,0,0,0,21,1,10
445,94,20,0,1,9.166667,1,0,0,0,16,0,2
446,90,19,0,1,9.916667,1,0,0,0,19,0,10
446,92,19,0,1,9.916667,1,0,0,0,24,0,4
446,94,19,0,1,9.916667,1,0,0,0,21,0,4
447,90,23,0,1,8.583333,1,0,0,0,20,0,5
447,92,23,0,1,8.583333,1,0,0,0,16,0,3
447,94,23,0,1,8.583333,1,0,0,0,18,0,10
448,90,24,0,1,8.583333,0,1,0,0,23,1,5
448,92,24,0,1,8.583333,0,1,0,0,21,1,7
448,94,24,0,1,8.583333,0,1,0,0,24,1,4
449,90,17,1,0,8.333333,1,0,1,0,19,0,25
449,92,17,2,0,8.333333,1,0,1,0,20,0,65
449,94,17,2,0,8.333333,1,0,1,0,21,1,28
450,90,17,3,1,9.666667,1,0,0,0,21,0,62
450,92,17,2,1,9.666667,1,0,0,0,18,0,35
450,94,17,3,1,9.666667,1,0,0,0,24,0,69
451,90,18,3,1,8.333333,1,0,0,0,19,0,69
451,92,18,3,1,8.333333,1,0,0,0,19,0,62
451,94,18,4,1,8.333333,1,0,0,0,17,0,71
452,90,24,3,0,9.166667,1,0,1,0,17,1,55
452,92,24,1,0,9.166667,1,0,1,0,19,1,19
452,94,24,2,0,9.166667,1,0,1,0,18,1,37
453,90,20,4,0,9.583333,1,0,1,0,18,1,87
453,92,20,0,0,9.583333,1,0,1,0,16,1,7
453,94,20,1,0,9.583333,1,0,1,0,17,1,25
454,90,22,1,0,10,1,0,0,1,22,0,27
454,92,22,0,0,10,1,0,0,1,22,0,19
454,94,22,0,0,10,1,0,0,1,22,0,15
455,90,19,1,1,8.666667,1,0,0,0,19,0,17
455,92,19,1,1,8.666667,1,0,0,0,23,0,4
455,94,19,0,1,8.666667,1,0,0,0,21,0,3
456,90,21,3,1,8.583333,0,1,0,0,18,0,62
456,92,21,3,1,8.583333,0,1,0,0,18,0,65
456,94,21,2,1,8.583333,0,1,0,0,24,0,38
457,90,19,1,0,9.583333,0,1,0,0,17,0,11
457,92,19,1,0,9.583333,0,1,0,0,23,0,2
457,94,19,4,0,9.583333,0,1,0,0,22,0,91
458,90,21,0,1,8.25,0,1,0,0,21,0,8
458,92,21,0,1,8.25,0,1,0,0,23,0,10
458,94,21,2,1,8.25,0,1,0,0,23,0,28
459,90,22,2,0,8.166667,0,1,0,1,20,0,38
459,92,22,1,0,8.166667,0,1,0,1,24,0,19
459,94,22,1,0,8.166667,0,1,0,1,21,0,40
460,90,21,0,1,8.583333,0,1,0,0,24,0,1
460,92,21,0,1,8.583333,0,1,0,0,13,1,5
460,94,21,0,1,8.583333,0,1,0,0,23,0,7
461,90,23,4,1,8.416667,0,1,0,0,19,0,79
461,92,23,6,1,8.416667,0,1,0,0,23,0,99
461,94,23,4,1,8.416667,0,1,0,0,22,0,76
462,90,19,2,1,8.666667,0,1,0,0,23,0,35
462,92,19,0,1,8.666667,0,1,0,0,24,0,5
462,94,19,0,1,8.666667,0,1,0,0,23,0,10
463,90,22,4,0,9.75,0,1,0,0,22,0,84
463,92,22,4,0,9.75,0,1,0,0,24,0,74
463,94,22,5,0,9.75,0,1,0,0,24,0,100
464,90,18,2,0,8.75,0,1,0,0,22,1,53
464,92,18,2,0,8.75,0,1,0,0,24,1,49
464,94,18,2,0,8.75,0,1,0,0,18,0,41
465,90,21,3,0,9.666667,0,1,0,0,24,0,54
465,92,21,1,0,9.666667,0,1,0,0,22,0,30
465,94,21,3,0,9.666667,0,1,0,0,24,0,79
466,90,22,1,0,8.583333,0,1,0,0,16,0,14
466,92,22,0,0,8.583333,0,1,0,0,24,0,7
466,94,22,2,0,8.583333,0,1,0,0,22,0,50
467,90,16,1,1,10,0,1,0,1,15,1,11
467,92,16,0,1,10,0,1,0,1,16,0,8
467,94,16,1,1,10,0,1,0,1,14,0,8
468,90,17,3,1,9.5,0,1,1,0,13,1,62
468,92,17,2,1,9.5,0,1,1,0,23,1,29
468,94,17,2,1,9.5,0,1,1,0,22,1,23
469,90,17,0,0,8.833333,1,0,1,1,22,0,5
469,92,17,2,0,8.833333,1,0,1,1,20,1,38
469,94,17,2,0,8.833333,1,0,1,1,23,0,56
470,90,25,1,0,8.416667,1,0,0,0,22,0,8
470,92,25,0,0,8.416667,1,0,0,0,24,0,6
470,94,25,0,0,8.416667,1,0,0,0,24,0,22
471,90,17,2,1,8,0,1,0,0,13,1,29
471,92,17,1,1,8,0,1,0,0,14,1,3
471,94,17,2,1,8,0,1,0,0,11,0,25
472,90,19,1,1,9.25,0,1,0,0,19,1,7
472,92,19,0,1,9.25,0,1,0,0,23,1,1
472,94,19,2,1,9.25,0,1,0,0,24,1,28
473,90,24,0,1,9.083333,0,1,0,0,24,0,4
473,92,24,0,1,9.083333,0,1,0,0,24,0,4
473,94,24,0,1,9.083333,0,1,0,0,20,0,5
474,90,20,0,1,9.25,1,0,1,1,17,1,5
474,92,20,1,1,9.25,1,0,1,1,12,1,19
474,94,20,0,1,9.25,1,0,1,1,10,1,5
475,90,23,0,0,8.916667,1,0,1,0,13,0,5
475,92,23,1,0,8.916667,1,0,1,0,13,0,18
475,94,23,1,0,8.916667,1,0,1,0,19,0,24
476,90,20,0,0,8,1,0,0,0,20,0,8
476,92,20,0,0,8,1,0,0,0,23,0,14
476,94,20,0,0,8,1,0,0,0,23,0,2
477,90,23,2,1,8.583333,1,0,0,0,21,0,32
477,92,23,4,1,8.583333,1,0,0,0,24,0,75
477,94,23,0,1,8.583333,1,0,0,0,24,0,8
478,90,19,2,0,9,1,0,0,1,24,1,27
478,92,19,0,0,9,1,0,0,1,23,0,19
478,94,19,0,0,9,1,0,0,1,24,0,12
479,90,22,2,1,8.833333,1,0,0,0,15,0,31
479,92,22,2,1,8.833333,1,0,0,0,13,0,32
479,94,22,2,1,8.833333,1,0,0,0,10,0,20
480,90,19,2,0,9.5,1,0,0,0,20,0,33
480,92,19,2,0,9.5,1,0,0,0,23,0,44
480,94,19,2,0,9.5,1,0,0,0,24,0,62
481,90,19,0,0,10,1,0,0,1,20,0,1
481,92,19,1,0,10,1,0,0,1,16,0,8
481,94,19,1,0,10,1,0,0,1,19,0,11
482,90,22,0,1,8.916667,1,0,0,0,23,0,8
482,92,22,1,1,8.916667,1,0,0,0,21,0,20
482,94,22,5,1,8.916667,1,0,0,0,16,0,86
483,90,16,0,1,9.416667,1,0,1,0,18,0,7
483,92,16,0,1,9.416667,1,0,1,0,19,1,5
483,94,16,0,1,9.416667,1,0,1,0,17,1,1
484,90,21,2,1,9.75,0,1,0,0,17,0,26
484,92,21,4,1,9.75,0,1,0,0,10,1,73
484,94,21,3,1,9.75,0,1,0,0,15,1,67
485,90,18,2,1,9.416667,0,1,0,0,24,1,38
485,92,18,1,1,9.416667,0,1,0,0,21,1,9
485,94,18,2,1,9.416667,0,1,0,0,23,1,48
486,90,18,0,1,8.916667,0,1,0,0,22,1,6
486,92,18,0,1,8.916667,0,1,0,0,24,1,8
486,94,18,0,1,8.916667,0,1,0,0,24,0,4
487,90,21,3,0,9.416667,0,1,0,0,24,1,65
487,92,21,2,0,9.416667,0,1,0,0,19,1,67
487,94,21,3,0,9.416667,0,1,0,0,22,1,51
488,90,19,2,1,9.083333,0,1,0,0,20,1,40
488,92,19,3,1,9.083333,0,1,0,0,20,0,64
488,94,19,3,1,9.083333,0,1,0,0,19,0,61
489,90,21,6,1,9.583333,0,1,0,0,21,1,94
489,92,21,6,1,9.583333,0,1,0,0,19,0,95
489,94,21,3,1,9.583333,0,1,0,0,24,1,68
490,90,20,0,1,9.333333,0,1,1,0,17,1,7
490,92,20,0,1,9.333333,0,1,1,0,24,1,7
490,94,20,0,1,9.333333,0,1,1,0,24,1,5
491,90,18,1,0,9.75,0,1,0,0,11,1,9
491,92,18,0,0,9.75,0,1,0,0,21,1,9
491,94,18,2,0,9.75,0,1,0,0,22,1,68
492,90,19,4,0,8.916667,0,1,1,0,24,1,72
492,92,19,4,0,8.916667,0,1,1,0,19,1,87
492,94,19,1,0,8.916667,0,1,1,0,20,1,21
493,90,22,1,1,8.25,1,0,1,0,20,1,21
493,92,22,2,1,8.25,1,0,1,0,24,1,31
493,94,22,2,1,8.25,1,0,1,0,20,1,29
494,90,21,2,0,8.833333,1,0,1,1,21,1,36
494,92,21,2,0,8.833333,1,0,1,1,24,1,28
494,94,21,2,0,8.833333,1,0,1,1,22,1,63
495,90,20,0,0,9.666667,1,0,0,1,22,0,4
495,92,20,0,0,9.666667,1,0,0,1,24,0,10
495,94,20,0,0,9.666667,1,0,0,1,24,0,13
496,90,21,0,0,8.166667,1,0,0,1,24,0,5
496,92,21,0,0,8.166667,1,0,0,1,24,0,15
496,94,21,0,0,8.166667,1,0,0,1,24,0,22
497,90,19,1,0,8.083333,1,0,0,0,12,0,19
497,92,19,1,0,8.083333,1,0,0,0,19,0,16
497,94,19,1,0,8.083333,1,0,0,0,24,0,28
498,90,18,1,0,9,1,0,1,0,22,1,3
498,92,18,2,0,9,1,0,1,0,24,1,37
498,94,18,1,0,9,1,0,1,0,23,0,26
499,90,23,1,1,9.166667,0,1,0,0,24,0,4
499,92,23,0,1,9.166667,0,1,0,0,21,0,6
499,94,23,1,1,9.166667,0,1,0,0,18,0,2
500,90,21,3,0,8.916667,0,1,0,0,24,0,58
500,92,21,2,0,8.916667,0,1,0,0,24,0,41
500,94,21,3,0,8.916667,0,1,0,0,24,0,62
501,90,24,1,1,8.583333,0,1,0,1,21,0,3
501,92,24,0,1,8.583333,0,1,0,1,24,0,7
501,94,24,1,1,8.583333,0,1,0,1,24,0,19
502,90,21,0,1,9.75,0,1,0,1,12,0,5
502,92,21,2,1,9.75,0,1,0,1,21,1,26
502,94,21,0,1,9.75,0,1,0,1,18,1,8
503,90,23,0,0,8.25,0,1,0,1,14,0,8
503,92,23,0,0,8.25,0,1,0,1,20,1,2
503,94,23,0,0,8.25,0,1,0,1,24,1,19
504,90,23,0,0,8.583333,1,0,0,0,22,0,7
504,92,23,0,0,8.583333,1,0,0,0,23,0,8
504,94,23,1,0,8.583333,1,0,0,0,24,0,5
505,90,20,2,0,9.75,0,1,0,0,17,0,41
505,92,20,2,0,9.75,0,1,0,0,20,0,50
505,94,20,1,0,9.75,0,1,0,0,22,0,36
506,90,25,4,1,8.583333,0,1,0,0,22,0,78
506,92,25,1,1,8.583333,0,1,0,0,24,0,5
506,94,25,2,1,8.583333,0,1,0,0,18,0,42
507,90,25,0,0,8.083333,1,0,0,0,24,0,6
507,92,25,1,0,8.083333,1,0,0,0,22,0,21
507,94,25,0,0,8.083333,1,0,0,0,23,0,18
508,90,16,1,1,9.916667,1,0,1,0,24,0,19
508,92,16,1,1,9.916667,1,0,1,0,21,0,4
508,94,16,0,1,9.916667,1,0,1,0,24,0,7
509,90,18,1,0,8.416667,1,0,1,0,23,0,27
509,92,18,4,0,8.416667,1,0,1,0,17,0,98
509,94,18,4,0,8.416667,1,0,1,0,19,0,100
510,90,21,1,1,8.083333,0,1,1,0,19,1,20
510,92,21,1,1,8.083333,0,1,1,0,24,1,9
510,94,21,0,1,8.083333,0,1,1,0,21,1,6
511,90,22,1,1,8.5,1,0,0,0,21,0,9
511,92,22,1,1,8.5,1,0,0,0,21,0,2
511,94,22,2,1,8.5,1,0,0,0,21,0,36
512,90,22,0,1,8.5,1,0,1,0,22,0,5
512,92,22,2,1,8.5,1,0,1,0,20,0,38
512,94,22,3,1,8.5,1,0,1,0,22,1,58
513,90,17,0,1,8.75,1,0,1,0,21,0,10
513,92,17,0,1,8.75,1,0,1,0,24,0,5
513,94,17,0,1,8.75,1,0,1,0,24,0,7
514,90,18,0,1,10,0,1,0,1,23,0,3
514,92,18,0,1,10,0,1,0,1,24,1,5
514,94,18,0,1,10,0,1,0,1,22,1,5
515,90,18,3,1,8.333333,0,1,0,1,19,1,65
515,92,18,4,1,8.333333,0,1,0,1,21,1,80
515,94,18,3,1,8.333333,0,1,0,1,23,0,69
516,90,21,6,0,9,1,0,1,0,17,1,100
516,92,21,5,0,9,1,0,1,0,20,1,85
516,94,21,5,0,9,1,0,1,0,24,1,96
517,90,21,2,0,9.416667,0,1,0,0,22,0,45
517,92,21,1,0,9.416667,0,1,0,0,22,0,20
517,94,21,4,0,9.416667,0,1,0,0,17,0,79
518,90,19,3,1,8.666667,1,0,1,0,18,0,64
518,92,19,2,1,8.666667,1,0,1,0,24,0,40
518,94,19,0,1,8.666667,1,0,1,0,24,0,5
519,90,20,0,1,9.75,1,0,0,0,24,0,6
519,92,20,0,1,9.75,1,0,0,0,23,0,10
519,94,20,3,1,9.75,1,0,0,0,16,0,66
520,90,23,1,1,9.916667,1,0,0,0,21,0,5
520,92,23,2,1,9.916667,1,0,0,0,22,0,30
520,94,23,1,1,9.916667,1,0,0,0,21,0,11
521,90,18,2,0,9.5,1,0,1,0,12,1,50
521,92,18,4,0,9.5,1,0,1,0,16,1,88
521,94,18,4,0,9.5,1,0,1,0,18,1,71
522,90,23,1,1,8.75,1,0,0,0,22,0,4
522,92,23,0,1,8.75,1,0,0,0,13,0,3
522,94,23,1,1,8.75,1,0,0,0,20,0,6
523,90,23,2,0,8.416667,1,0,0,0,20,0,54
523,92,23,1,0,8.416667,1,0,0,0,21,0,4
523,94,23,1,0,8.416667,1,0,0,0,20,0,15
524,90,19,1,1,8.666667,1,0,0,0,21,0,9
524,92,19,0,1,8.666667,1,0,0,0,24,1,6
524,94,19,1,1,8.666667,1,0,0,0,18,0,13
525,90,19,4,1,8.666667,1,0,0,0,20,0,74
525,92,19,2,1,8.666667,1,0,0,0,24,0,38
525,94,19,2,1,8.666667,1,0,0,0,19,0,23
526,90,23,3,1,9.583333,1,0,0,0,24,0,70
526,92,23,3,1,9.583333,1,0,0,0,23,0,70
526,94,23,3,1,9.583333,1,0,0,0,19,0,69
527,90,24,1,0,8.916667,1,0,0,0,22,0,30
527,92,24,0,0,8.916667,1,0,0,0,18,0,9
527,94,24,2,0,8.916667,1,0,0,0,21,0,69
528,90,23,3,0,8.333333,1,0,0,1,20,0,58
528,92,23,0,0,8.333333,1,0,0,1,18,1,15
528,94,23,3,0,8.333333,1,0,0,1,15,1,55
529,90,21,1,1,9.5,0,1,1,0,20,1,2
529,92,21,2,1,9.5,0,1,1,0,23,1,48
529,94,21,2,1,9.5,0,1,1,0,19,1,39
530,90,16,1,1,10,1,0,0,0,19,1,24
530,92,16,3,1,10,1,0,0,0,17,1,56
530,94,16,4,1,10,1,0,0,0,16,1,80
531,90,20,0,0,9.166667,1,0,0,0,18,0,7
531,92,20,2,0,9.166667,1,0,0,0,15,0,56
531,94,20,1,0,9.166667,1,0,0,0,23,0,34
532,90,23,1,1,8.916667,0,1,1,1,23,0,14
532,92,23,1,1,8.916667,0,1,1,1,19,0,24
532,94,23,0,1,8.916667,0,1,1,1,19,1,10
533,90,21,1,0,9.083333,1,0,0,1,21,0,3
533,92,21,2,0,9.083333,1,0,0,1,17,0,62
533,94,21,0,0,9.083333,1,0,0,1,18,0,19
534,90,17,2,0,9.25,1,0,1,1,18,1,51
534,92,17,2,0,9.25,1,0,1,1,14,1,68
534,94,17,4,0,9.25,1,0,1,1,15,1,71
535,90,24,2,0,9,1,0,1,0,16,1,55
535,92,24,1,0,9,1,0,1,0,23,1,27
535,94,24,2,0,9,1,0,1,0,22,1,64
536,90,25,3,1,8,1,0,1,0,17,1,56
536,92,25,2,1,8,1,0,1,0,19,1,29
536,94,25,1,1,8,1,0,1,0,23,1,8
537,90,20,1,0,9.583333,1,0,1,0,22,1,1
537,92,20,1,0,9.583333,1,0,1,0,18,0,11
537,94,20,1,0,9.583333,1,0,1,0,19,0,36
538,90,24,0,0,8.75,1,0,0,0,24,0,5
538,92,24,0,0,8.75,1,0,0,0,24,0,13
538,94,24,0,0,8.75,1,0,0,0,24,0,15
539,90,20,1,1,8,0,1,0,0,19,0,7
539,92,20,2,1,8,0,1,0,0,24,0,47
539,94,20,0,1,8,0,1,0,0,23,0,3
540,90,23,2,1,8.833333,0,1,0,0,17,0,30
540,92,23,2,1,8.833333,0,1,0,0,17,0,30
540,94,23,0,1,8.833333,0,1,0,0,23,0,6
541,90,20,0,0,9.583333,0,1,1,0,23,0,5
541,92,20,0,0,9.583333,0,1,1,0,21,0,12
541,94,20,0,0,9.583333,0,1,1,0,24,0,14
542,90,19,1,1,9.833333,0,1,1,0,16,0,16
542,92,19,3,1,9.833333,0,1,1,0,11,1,50
542,94,19,1,1,9.833333,0,1,1,0,16,0,13
543,90,20,1,1,8.25,0,1,0,1,24,0,10
543,92,20,0,1,8.25,0,1,0,1,22,1,1
543,94,20,0,1,8.25,0,1,0,1,24,1,1
544,90,18,1,1,9.25,0,1,0,1,20,0,16
544,92,18,0,1,9.25,0,1,0,1,24,0,2
544,94,18,0,1,9.25,0,1,0,1,24,1,2
545,90,18,3,0,9.583333,0,1,0,0,24,0,69
545,92,18,0,0,9.583333,0,1,0,0,24,1,13
545,94,18,0,0,9.583333,0,1,0,0,21,1,29
546,90,20,0,1,9.166667,0,1,0,0,16,0,1
546,92,20,0,1,9.166667,0,1,0,0,24,1,10
546,94,20,0,1,9.166667,0,1,0,0,21,0,10
547,90,18,0,1,8.25,0,1,0,1,24,0,2
547,92,18,1,1,8.25,0,1,0,1,24,0,14
547,94,18,4,1,8.25,0,1,0,1,22,0,73
548,90,23,0,1,9.666667,1,0,0,1,24,0,10
548,92,23,1,1,9.666667,1,0,0,1,17,0,7
548,94,23,2,1,9.666667,1,0,0,1,22,0,30
549,90,22,1,0,8.25,1,0,0,1,24,0,11
549,92,22,3,0,8.25,1,0,0,1,24,1,55
549,94,22,1,0,8.25,1,0,0,1,21,1,14
550,90,22,0,1,8.333333,0,1,1,0,23,1,5
550,92,22,1,1,8.333333,0,1,1,0,22,1,16
550,94,22,4,1,8.333333,0,1,1,0,23,1,80
551,90,22,0,0,9.083333,0,0,0,0,22,0,10
551,92,22,1,0,9.083333,0,0,0,0,23,0,25
551,94,22,3,0,9.083333,0,0,0,0,22,0,59
552,90,24,1,0,8.083333,0,1,1,1,19,0,17
552,92,24,2,0,8.083333,0,1,1,1,19,0,63
552,94,24,1,0,8.083333,0,1,1,1,22,0,19
553,90,22,0,0,8.333333,0,0,0,0,9,0,3
553,92,22,1,0,8.333333,0,0,0,0,15,0,27
553,94,22,1,0,8.333333,0,0,0,0,16,0,10
554,90,18,4,0,10,0,1,0,0,24,1,82
554,92,18,0,0,10,0,1,0,0,24,1,10
554,94,18,5,0,10,0,1,0,0,24,1,92
555,90,17,1,0,9.416667,1,0,1,0,21,0,24
555,92,17,2,0,9.416667,1,0,1,0,18,1,69
555,94,17,2,0,9.416667,1,0,1,0,24,1,45
556,90,18,4,1,8.083333,0,0,0,0,18,1,71
556,92,18,2,1,8.083333,0,0,0,0,11,0,40
556,94,18,5,1,8.083333,0,0,0,0,16,0,80
557,90,20,1,1,8.416667,0,0,1,0,20,0,1
557,92,20,2,1,8.416667,0,0,1,0,21,0,32
557,94,20,3,1,8.416667,0,0,1,0,22,0,58
558,90,18,2,1,9.416667,0,0,0,1,24,0,38
558,92,18,3,1,9.416667,0,0,0,1,22,0,50
558,94,18,1,1,9.416667,0,0,0,1,23,0,1
559,90,19,4,0,8,0,0,0,1,14,0,89
559,92,19,3,0,8,0,0,0,1,20,0,54
559,94,19,1,0,8,0,0,0,1,19,0,12
560,90,17,2,1,8.75,0,0,1,1,15,0,48
560,92,17,2,1,8.75,0,0,1,1,19,1,28
560,94,17,1,1,8.75,0,0,1,1,21,0,13
561,90,21,0,0,8.5,0,0,0,0,23,0,6
561,92,21,0,0,8.5,0,0,0,0,24,0,9
561,94,21,3,0,8.5,0,0,0,0,19,0,57
562,90,20,4,0,8,0,0,1,0,20,0,82
562,92,20,4,0,8,0,0,1,0,15,0,88
562,94,20,4,0,8,0,0,1,0,24,0,76
563,90,22,2,1,9,0,0,0,0,24,0,29
563,92,22,2,1,9,0,0,0,0,19,0,29
563,94,22,2,1,9,0,0,0,0,19,0,43
564,90,19,2,1,9,0,1,0,0,15,1,47
564,92,19,1,1,9,0,1,0,0,16,1,10
564,94,19,3,1,9,0,1,0,0,9,1,59
565,90,24,3,0,9.083333,1,0,1,0,24,0,51
565,92,24,1,0,9.083333,1,0,1,0,16,1,11
565,94,24,2,0,9.083333,1,0,1,0,23,1,49
566,90,20,1,0,8.166667,1,0,1,1,20,1,7
566,92,20,0,0,8.166667,1,0,1,1,17,1,20
566,94,20,1,0,8.166667,1,0,1,1,16,1,25
567,90,20,1,1,9.083333,0,0,0,1,19,1,16
567,92,20,1,1,9.083333,0,0,0,1,21,1,16
567,94,20,3,1,9.083333,0,0,0,1,24,1,69
568,90,21,0,1,8.333333,0,0,0,0,22,0,3
568,92,21,0,1,8.333333,0,0,0,0,19,0,5
568,94,21,0,1,8.333333,0,0,0,0,18,0,5
569,90,20,3,0,9.416667,1,0,1,0,14,0,63
569,92,20,5,0,9.416667,1,0,1,0,21,0,90
569,94,20,3,0,9.416667,1,0,1,0,24,0,52
570,90,21,3,0,8.5,1,0,1,0,17,0,58
570,92,21,2,0,8.5,1,0,1,0,18,0,64
570,94,21,1,0,8.5,1,0,1,0,23,0,3
571,90,18,0,0,9.833333,0,0,0,1,24,1,1
571,92,18,0,0,9.833333,0,0,0,1,23,0,5
571,94,18,1,0,9.833333,0,0,0,1,21,0,35
572,90,21,1,0,9.166667,0,0,0,0,17,0,7
572,92,21,1,0,9.166667,0,0,0,0,14,0,14
572,94,21,0,0,9.166667,0,0,0,0,20,0,7
573,90,20,2,0,8.25,0,1,1,0,17,1,51
573,92,20,3,0,8.25,0,1,1,0,19,1,70
573,94,20,1,0,8.25,0,1,1,0,21,1,40
574,90,20,2,0,8.25,0,1,1,0,24,1,38
574,92,20,3,0,8.25,0,1,1,0,23,1,51
574,94,20,1,0,8.25,0,1,1,0,24,1,3
575,90,24,4,1,9.083333,0,1,1,0,16,0,79
575,92,24,3,1,9.083333,0,1,1,0,14,1,54
575,94,24,2,1,9.083333,0,1,1,0,22,1,34
576,90,25,1,1,8,0,1,1,0,19,0,25
576,92,25,4,1,8,0,1,1,0,14,1,78
576,94,25,0,1,8,0,1,1,0,13,1,3
577,90,20,3,0,8.75,1,0,1,0,15,1,66
577,92,20,0,0,8.75,1,0,1,0,13,1,12
577,94,20,0,0,8.75,1,0,1,0,22,0,18
578,90,18,0,1,9.416667,1,0,1,0,18,0,9
578,92,18,0,1,9.416667,1,0,1,0,14,0,3
578,94,18,0,1,9.416667,1,0,1,0,19,0,9
579,90,19,2,1,8.083333,0,1,0,1,18,0,30
579,92,19,0,1,8.083333,0,1,0,1,20,1,9
579,94,19,1,1,8.083333,0,1,0,1,21,0,20
580,90,21,2,0,8.5,1,0,0,0,21,0,41
580,92,21,1,0,8.5,1,0,0,0,23,0,8
580,94,21,1,0,8.5,1,0,0,0,22,0,1
581,90,20,1,0,9.666667,0,1,0,0,21,1,21
581,92,20,0,0,9.666667,0,1,0,0,20,1,2
581,94,20,0,0,9.666667,0,1,0,0,18,0,3
